basis,blend,expected_cost_rp,termination_condition,achieved_mip_gap,wall_clock_s,terminated_early
epa,B0,571148783.9334756,optimal,0.00041393285798005906,212.06701040267944,False
epa,B10,559749895.4661376,optimal,0.0004999665952520009,58.846280574798584,False
epa,B20,548164366.0849587,optimal,0.0004987843282276828,31.39351463317871,False
epa,B30,536465193.2308962,optimal,0.0004768950081269219,94.16617226600647,False
epa,B35,530496036.64814305,optimal,0.00028458074811515716,189.89819192886353,False
epa,B0,571148783.9334756,optimal,0.00041393285798005906,217.96848344802856,False
epa,B10,559749895.4661376,optimal,0.0004999665952520009,60.88995862007141,False
epa,B20,548164366.0849587,optimal,0.0004987843282276828,33.711923122406006,False
epa,B30,536465193.2308962,optimal,0.0004768950081269219,97.09501791000366,False
epa,B35,530496036.64814305,optimal,0.00028458074811515716,195.9130458831787,False
epa,B40,524547567.5359618,optimal,0.00023492660752344555,226.94173073768616,False
epa,B50,512644657.33720386,optimal,0.00020049271549898867,240.06193661689758,False
epa,B70,488530260.4564393,optimal,0.00038811955619626523,43.29466247558594,False
epa,B100,451481022.1023949,optimal,0.0004999906476829707,105.77165150642395,False
generator,B0,571148783.9334756,optimal,0.00041393285798005906,216.7289092540741,False
generator,B10,559555567.2832221,optimal,0.00026660842932940503,315.0916836261749,False
generator,B20,547928754.4018555,optimal,0.0002650879633478822,228.34768509864807,False
generator,B30,542055447.5691123,optimal,0.0001959508333239419,256.5561065673828,False
generator,B35,535611029.96087587,optimal,0.0004999752217316675,32.279722452163696,False
generator,B40,528972255.7699403,optimal,0.0004044961072670111,343.18106412887573,False
generator,B50,515635387.9216145,optimal,0.0002780535662422113,85.49110221862793,False
generator,B70,490206023.8691761,optimal,0.00025611997766957525,422.91341495513916,False
generator,B100,449369195.0350354,optimal,0.0004761317313998583,18.779091835021973,False
