min_up_down_h,basis,blend,expected_cost_rp,termination_condition,achieved_mip_gap,wall_clock_s,terminated_early
2,epa,B0,571260920.4256686,optimal,0.0004997103186458833,41.749849796295166,False
2,epa,B10,559634760.4407531,optimal,0.00016335035193305693,137.2033748626709,False
2,epa,B20,548220548.4232372,optimal,0.0004998044386954357,62.11444401741028,False
2,epa,B30,536558056.8546389,optimal,0.0004999877171127185,78.71173691749573,False
2,epa,B35,530726016.08968866,time_limit,0.0005274487929899257,600.9319224357605,True
2,epa,B40,524767686.5440248,optimal,0.0004999995927731315,66.9638442993164,False
2,epa,B50,512847337.810881,optimal,0.0004989033806445342,46.69609832763672,False
2,epa,B70,488675491.8037096,optimal,0.0004999694725396283,63.29747486114502,False
2,epa,B100,451536730.3824643,optimal,0.0004999920437187774,102.49300527572632,False
2,generator,B0,571260920.4256686,optimal,0.0004997103186458833,40.97019839286804,False
2,generator,B10,559748430.6512161,optimal,0.0004996575781974302,63.83139610290527,False
2,generator,B20,548014651.6106931,optimal,0.0004986442774170815,35.78210949897766,False
2,generator,B30,542307592.8286481,optimal,0.0004999981667212003,259.8352732658386,False
2,generator,B35,535709736.4274262,optimal,0.0004976057628485288,119.3821382522583,False
2,generator,B40,529005998.5826711,optimal,0.0004957706992026997,44.59999179840088,False
2,generator,B50,515802689.59892577,optimal,0.0004998685010428357,52.03919339179993,False
2,generator,B70,490339379.75153124,optimal,0.0004994747319667061,50.75475454330444,False
2,generator,B100,449598520.3560815,time_limit,0.0005638088125245368,601.0217084884644,True
3,epa,B0,571549216.0642271,optimal,0.0004999508587726069,308.19193387031555,False
3,epa,B10,560097852.6088158,optimal,0.0004999620762107774,413.64313673973083,False
3,epa,B20,548530849.5671006,time_limit,0.0005925859738372043,601.0143988132477,True
3,epa,B30,536859032.3272076,time_limit,0.0006337510221424781,601.0034244060516,True
3,epa,B35,530936453.4117318,optimal,0.0004999910842954075,370.8975944519043,False
3,epa,B40,524979228.80162674,optimal,0.0004999328434184534,201.2382619380951,False
3,epa,B50,513104698.6049081,optimal,0.0004999399081796968,316.11318135261536,False
3,epa,B70,488904384.53451157,time_limit,0.0005783482238052616,601.1626460552216,True
3,epa,B100,451735433.65896857,optimal,0.0004999415721137477,245.21051931381226,False
3,generator,B0,571549216.0642271,optimal,0.0004999508587726069,309.5044207572937,False
3,generator,B10,559990454.3498261,optimal,0.00047882218029451766,518.9474370479584,False
3,generator,B20,548392959.8554462,optimal,0.0004999982438658187,378.1601176261902,False
3,generator,B30,542450943.773472,optimal,0.0004990282292476804,94.86487579345703,False
3,generator,B35,535957225.992058,optimal,0.0004999965893019713,353.0195384025574,False
3,generator,B40,529344895.2037154,optimal,0.0004999934289997675,368.0504150390625,False
3,generator,B50,516026282.1442526,optimal,0.000499900278206356,78.37540245056152,False
3,generator,B70,490552201.37243557,optimal,0.0004057904193057328,206.15781164169312,False
3,generator,B100,449730601.2973871,optimal,0.0004999996558521141,282.7713282108307,False
2,epa,B35,530513122.29402214,optimal,0.00011606383030570768,523.145103931427,False
2,generator,B100,449581040.30267453,optimal,0.0004998818074973742,546.2111821174622,False
3,epa,B20,548421058.5330577,optimal,0.00037199599454253136,445.5098149776459,False
3,epa,B30,536774714.3313097,optimal,0.0004712082752199215,399.4989402294159,False
3,epa,B70,488844290.1509638,optimal,0.00041849410392160737,500.72442531585693,False
