variant,basis,blend,expected_cost_rp,expected_unserved_kwh,termination_condition,achieved_mip_gap,wall_clock_s,terminated_early
perfect_foresight,epa,B0,569604919.955477,0.0,optimal,0.0004997998667958069,27.04834270477295,False
expected_weather,epa,B0,567519577.2810096,416.8340646348917,optimal,0.0,1.4027552604675293,False
perfect_foresight,epa,B10,558240203.1193254,0.0,optimal,0.0004999738989650986,39.710052490234375,False
expected_weather,epa,B10,556095355.4868689,425.5676123851932,optimal,0.0,1.9769251346588135,False
perfect_foresight,epa,B20,546669429.2859756,0.0,optimal,0.0004998057144208491,10.11713719367981,False
expected_weather,epa,B20,544717655.5661104,422.3575220237473,optimal,0.0,1.4331376552581787,False
perfect_foresight,epa,B30,535025644.4601607,0.0,optimal,0.0004999073409960867,14.755684614181519,False
expected_weather,epa,B30,533083410.0614999,425.72912737550917,optimal,0.0,1.6978328227996826,False
perfect_foresight,epa,B35,529137306.05553573,0.0,optimal,0.00047638328553405005,7.550067186355591,False
expected_weather,epa,B35,527363360.9175004,392.21602421432794,optimal,0.0,1.360091209411621,False
perfect_foresight,epa,B40,523322794.6745887,0.0,optimal,0.0004999688928218801,18.029565572738647,False
expected_weather,epa,B40,521257347.307726,414.9262693477983,optimal,0.0,1.9813706874847412,False
perfect_foresight,epa,B50,511481367.32818305,0.0,optimal,0.000499999451070385,94.41495108604431,False
expected_weather,epa,B50,509704544.6755532,379.37566276854466,optimal,0.0,1.898244857788086,False
perfect_foresight,epa,B70,487263529.2690352,0.0,optimal,0.0004833542874894435,4.297384023666382,False
expected_weather,epa,B70,485414751.2052405,415.9373413008558,optimal,0.0,1.397104263305664,False
perfect_foresight,epa,B100,450306322.0632394,0.0,optimal,0.0004999550037291292,26.02838397026062,False
expected_weather,epa,B100,448734701.10648155,389.00593385288204,optimal,0.0,1.3356664180755615,False
perfect_foresight,generator,B0,569604919.955477,0.0,optimal,0.0004997998667958069,24.095790147781372,False
expected_weather,generator,B0,567519577.2810096,416.8340646348917,optimal,0.0,2.4171266555786133,False
perfect_foresight,generator,B10,558123192.9090884,0.0,optimal,0.0003281640743370411,97.41190958023071,False
expected_weather,generator,B10,556080585.64216,425.5676123851931,optimal,0.0,1.4004709720611572,False
perfect_foresight,generator,B20,546533261.0725927,0.0,optimal,0.0004979019034933384,6.377734661102295,False
expected_weather,generator,B20,544553626.2341101,425.56761238519323,optimal,0.0,1.3848223686218262,False
perfect_foresight,generator,B30,540819651.7242585,0.0,optimal,0.0004999860961138761,41.3197979927063,False
expected_weather,generator,B30,538770249.7538153,425.5676123851932,optimal,0.0,1.7959191799163818,False
perfect_foresight,generator,B35,534217372.5969282,0.0,optimal,0.0004997857786248309,19.187662363052368,False
expected_weather,generator,B35,532352934.159273,385.95735848175235,optimal,0.0,1.4059123992919922,False
perfect_foresight,generator,B40,527609997.6121836,0.0,optimal,0.00036200805156921687,108.66697907447815,False
expected_weather,generator,B40,525845239.5914666,392.21602421432783,optimal,0.0,1.3623664379119873,False
perfect_foresight,generator,B50,514409519.3547816,0.0,optimal,0.0004999288917854189,23.20785355567932,False
expected_weather,generator,B50,512384193.47640073,414.9262693477983,optimal,0.0,1.8541195392608643,False
perfect_foresight,generator,B70,489093990.72353363,0.0,optimal,0.0004999661988995906,56.99247360229492,False
expected_weather,generator,B70,487356283.2547236,392.21602421432766,optimal,0.0,1.3476808071136475,False
perfect_foresight,generator,B100,448301015.29193425,0.0,optimal,0.0004995012644217567,8.574224948883057,False
expected_weather,generator,B100,446541881.5494927,419.30894665261764,optimal,0.0,2.0006256103515625,False
