config,basis,blend,expected_cost_rp,predicted_cost_rp,rel_delta_vs_identity,termination_condition,achieved_mip_gap,wall_clock_s,terminated_early
a1lo_a2hi,epa,B0,400371880.39177084,400355874.5378142,3.9979066062456366e-05,optimal,0.0004481419819348773,143.77188730239868,False
a1lo_a2hi,epa,B40,445861281.76700515,445865432.4055675,9.309173263303734e-06,optimal,0.0004980743153569795,13.704488277435303,False
a1lo_a2hi,epa,B70,481171548.7282227,481170697.0503664,1.7700118929664457e-06,optimal,0.0004963805046406302,13.519363641738892,False
a1lo_a2hi,epa,B100,517318993.0228196,517474193.2469212,0.00029991877107492145,optimal,0.00022943854504700272,201.7981517314911,False
a1lo_a2hi,generator,B0,400371880.39177084,400355874.5378142,3.9979066062456366e-05,optimal,0.0004481419819348773,145.01486659049988,False
a1lo_a2hi,generator,B40,449629248.9146401,449626417.4044493,6.2974729269466556e-06,optimal,0.0004998851047110968,29.58310842514038,False
a1lo_a2hi,generator,B70,482778006.7133611,482821215.5845606,8.949248666957366e-05,optimal,0.0001862613514853988,300.3923387527466,False
a1lo_a2hi,generator,B100,515065062.06133634,515053679.52771765,2.2099703528233957e-05,optimal,0.00024486961090052357,494.23020792007446,False
a1hi_a2lo,epa,B0,741772237.0922545,741941693.3291371,0.00022839562516322145,optimal,0.0001916756245932314,282.21011662483215,False
a1hi_a2lo,epa,B40,603225178.2543209,603229702.6663561,7.50031375316619e-06,optimal,0.00020777939580198207,236.2787811756134,False
a1hi_a2lo,epa,B70,495971353.786183,495889823.8625123,0.00016441136669365024,optimal,0.0004999859114804095,48.71932530403137,False
a1hi_a2lo,epa,B100,385424680.7324284,385487850.9578685,0.00016387085944,optimal,0.0004999474295643671,27.5589599609375,False
a1hi_a2lo,generator,B0,741772237.0922545,741941693.3291371,0.00022839562516322145,optimal,0.0001916756245932314,286.3904650211334,False
a1hi_a2lo,generator,B40,608232207.7621999,608318094.1354313,0.00014118661611319734,optimal,0.000262975336476488,237.21397233009338,False
a1hi_a2lo,generator,B70,497659614.5093903,497590832.15379167,0.0001382307533700094,optimal,0.0004999258853684991,33.32912516593933,False
a1hi_a2lo,generator,B100,383682262.32896024,383684710.54235303,6.3807947659250975e-06,optimal,0.0002314698134709128,102.59209418296814,False
