metric,value
marginal_only_price_ratio_Price0_over_Price100,1.3248
marginal_only_reversal_threshold_A100_over_A0,1.3248
marginal_only_reversal_threshold_pct_penalty,32.5
idle_corrected_reversal_threshold_A100_over_A0_at_full_load,1.4019
idle_corrected_reversal_threshold_pct_penalty_at_full_load,40.2
actual_A100_over_A0_basis_a_EPA,1.0585
actual_A100_over_A0_basis_a_pct_penalty,5.8
basis_a_crosses_marginal_threshold,False
actual_A100_over_A0_basis_b_generator,1.0528
actual_A100_over_A0_basis_b_pct_penalty,5.3
basis_b_crosses_marginal_threshold,False
