basis,blend,pct_b,expected_cost_free_rp,expected_cost_mustrun_rp,delta_rp,delta_pct,max_achieved_mip_gap,all_optimal
epa,B0,0,571148783.9334756,605751891.1550465,34603107.22157085,6.0585101807029735,0.0003768924779309546,True
epa,B10,10,559749895.4661376,593447917.9299539,33698022.463816285,6.020192721207013,0.00037740443498729496,True
epa,B20,20,548164366.0849587,581034383.4523957,32870017.367437005,5.9963798088879345,0.00037791579012344436,True
epa,B30,30,536465193.2308962,568492066.4500093,32026873.21911317,5.969981580021858,0.0003784228210256337,True
epa,B35,35,530496036.64814305,562199284.0174085,31703247.369265437,5.976151597583554,0.00037868030379560407,True
epa,B40,40,524547567.5359618,555855565.2130473,31307997.67708546,5.968571701543359,0.0003789328804938651,True
epa,B50,50,512644657.33720386,543105658.4691471,30461001.131943226,5.941932817590411,0.0003794423168615872,True
epa,B70,70,488530260.4564393,517225263.7885711,28695003.332131803,5.8737412305476715,0.00038045145112468965,True
epa,B100,100,451481022.1023949,477536831.3205448,26055809.2181499,5.77118592866136,0.0003819628286702966,True
generator,B0,0,571148783.9334756,605751891.1550465,34603107.22157085,6.0585101807029735,0.0003768924779309546,True
generator,B10,10,559555567.2832221,593391215.1764848,33835647.893262744,6.046878964593814,0.00037739309312744825,True
generator,B20,20,547928754.4018555,580904639.8639495,32975885.46209407,6.018279784949794,0.00037788939478558553,True
generator,B30,30,542055447.5691123,574219044.5503863,32163596.98127401,5.933635963906283,0.00037959643922090265,True
generator,B35,35,535611029.96087587,567208347.5950499,31597317.63417399,5.899303014070124,0.00037971721485907656,True
generator,B40,40,528972255.7699403,560182273.6218234,31210017.851883113,5.900123779924088,0.0003798378222239313,True
generator,B50,50,515635387.9216145,546065734.4129566,30430346.491342068,5.901524062186361,0.00038007466728399883,True
generator,B70,70,490206023.8691761,518937879.1560609,28731855.286884785,5.861179562851029,0.0003808331062281597,True
generator,B100,100,449369195.0350354,475563767.71254444,26194572.67750907,5.829187440288779,0.0003814893006610908,True
