min_up_down_h,basis,blend,pct_b,expected_cost_rp,idle_litre_share_pct,expected_committed_genset_hours,solver_termination,achieved_mip_gap,terminated_early
1,epa,B0,0,571148783.9334756,19.416486057495778,101.99999999999997,optimal,0.00041393285798005906,False
1,epa,B10,10,559749895.4661376,19.326104863803945,102.0,optimal,0.0004999665952520009,False
1,epa,B20,20,548164366.0849587,19.23851546625757,101.9999999999998,optimal,0.0004987843282276828,False
1,epa,B30,30,536465193.2308962,19.151210986185653,100.0,optimal,0.0004768950081269219,False
1,epa,B35,35,530496036.64814305,19.110423114729844,102.00000000000001,optimal,0.00028458074811515716,False
1,epa,B40,40,524547567.5359618,19.067941826516705,100.0,optimal,0.00023492660752344555,False
1,epa,B50,50,512644657.33720386,18.980274406885076,100.0,optimal,0.00020049271549898867,False
1,epa,B70,70,488530260.4564393,18.80396873182046,100.99999999999997,optimal,0.00038811955619626523,False
1,epa,B100,100,451481022.1023949,18.54025161016841,101.99999999999997,optimal,0.0004999906476829707,False
1,generator,B0,0,571148783.9334756,19.416486057495778,101.99999999999997,optimal,0.00041393285798005906,False
1,generator,B10,10,559555567.2832221,19.33282916504895,102.00000000000001,optimal,0.00026660842932940503,False
1,generator,B20,20,547928754.4018555,19.246790301253764,102.00000000000001,optimal,0.0002650879633478822,False
1,generator,B30,30,542055447.5691123,18.9537097940952,99.99999999999993,optimal,0.0001959508333239419,False
1,generator,B35,35,535611029.96087587,18.92791512465711,101.0,optimal,0.0004999752217316675,False
1,generator,B40,40,528972255.7699403,18.927824799771873,100.00000000000003,optimal,0.0004044961072670111,False
1,generator,B50,50,515635387.9216145,18.870193016649974,101.00000000000051,optimal,0.0002780535662422113,False
1,generator,B70,70,490206023.8691761,18.739702465053373,101.99999999999754,optimal,0.00025611997766957525,False
1,generator,B100,100,449369195.0350354,18.627350787163532,102.00000000000006,optimal,0.0004761317313998583,False
2,epa,B0,0,571260920.4256686,19.412674670160587,100.0,optimal,0.0004997103186458833,False
2,epa,B10,10,559634760.4407531,19.330080870853383,100.0,optimal,0.00016335035193305693,False
2,epa,B20,20,548220548.4232372,19.236543878459067,100.99999999999986,optimal,0.0004998044386954357,False
2,epa,B30,30,536558056.8546389,19.14789643155002,99.99999999999997,optimal,0.0004999877171127185,False
2,epa,B35,35,530513122.29402214,19.109807646579462,100.00000000000087,optimal,0.00011606383030570768,False
2,epa,B40,40,524767686.5440248,19.05994358826476,100.0,optimal,0.0004999995927731315,False
2,epa,B50,50,512847337.810881,18.97277328413255,100.0,optimal,0.0004989033806445342,False
2,epa,B70,70,488675491.8037096,18.798380308170334,100.0,optimal,0.0004999694725396283,False
2,epa,B100,100,451536730.3824643,18.53796420958809,101.0,optimal,0.0004999920437187774,False
2,generator,B0,0,571260920.4256686,19.412674670160587,100.0,optimal,0.0004997103186458833,False
2,generator,B10,10,559748430.6512161,19.326167968587118,100.99999999999886,optimal,0.0004996575781974302,False
2,generator,B20,20,548014651.6106931,19.243773510075755,99.99999999999949,optimal,0.0004986442774170815,False
2,generator,B30,30,542307592.8286481,18.94489728965409,100.99999999999994,optimal,0.0004999981667212003,False
2,generator,B35,35,535709736.4274262,18.943817371562876,99.99999999999974,optimal,0.0004976057628485288,False
2,generator,B40,40,529005998.5826711,18.907245304120828,100.99999999999997,optimal,0.0004957706992026997,False
2,generator,B50,50,515802689.59892577,18.86407243093532,100.99999999999999,optimal,0.0004998685010428357,False
2,generator,B70,70,490339379.75153124,18.73460589486353,100.99999999999989,optimal,0.0004994747319667061,False
2,generator,B100,100,449581040.30267453,18.61857346626858,100.0,optimal,0.0004998818074973742,False
3,epa,B0,0,571549216.0642271,19.42276270877175,102.00000000000001,optimal,0.0004999508587726069,False
3,epa,B10,10,560097852.6088158,19.33388768316344,101.99999999999955,optimal,0.0004999620762107774,False
3,epa,B20,20,548421058.5330577,19.249213108917257,101.0,optimal,0.00037199599454253136,False
3,epa,B30,30,536774714.3313097,19.15977862688454,101.0,optimal,0.0004712082752199215,False
3,epa,B35,35,530936453.4117318,19.114134949229815,102.00000000000001,optimal,0.0004999910842954075,False
3,epa,B40,40,524979228.80162674,19.07178407896396,102.00000000000001,optimal,0.0004999328434184534,False
3,epa,B50,50,513104698.6049081,18.982686570257524,101.99999999999986,optimal,0.0004999399081796968,False
3,epa,B70,70,488844290.1509638,18.811143196208295,101.00000000000045,optimal,0.00041849410392160737,False
3,epa,B100,100,451735433.65896857,18.548795439937127,102.00000000000003,optimal,0.0004999415721137477,False
3,generator,B0,0,571549216.0642271,19.42276270877175,102.00000000000001,optimal,0.0004999508587726069,False
3,generator,B10,10,559990454.3498261,19.35740102773244,102.00000000000001,optimal,0.00047882218029451766,False
3,generator,B20,20,548392959.8554462,19.26990497713893,101.99999999999997,optimal,0.0004999982438658187,False
3,generator,B30,30,542450943.773472,18.959296437083268,100.9999999999999,optimal,0.0004990282292476804,False
3,generator,B35,35,535957225.992058,18.93506966299138,101.0,optimal,0.0004999965893019713,False
3,generator,B40,40,529344895.2037154,18.914500303250076,100.99999999999946,optimal,0.0004999934289997675,False
3,generator,B50,50,516026282.1442526,18.87521825542652,101.99999999999972,optimal,0.000499900278206356,False
3,generator,B70,70,490552201.37243557,18.745665019154597,100.99999999999999,optimal,0.0004057904193057328,False
3,generator,B100,100,449730601.2973871,18.63145179835738,101.99999999999959,optimal,0.0004999996558521141,False
