basis,penalty_pct_at_b100,cost_b100_rp,cost_b100_rp_per_kwh,cheapest_alternative_blend,cheapest_alternative_cost_rp,optimal_blend,b100_still_optimal
epa,0.0,431163295.90530586,4208.524118158183,B70,488530260.4564393,B100,True
epa,0.5,432900584.0648323,4225.481542848534,B70,488530260.4564393,B100,True
epa,1.0,434637872.2243589,4242.438967538887,B70,488530260.4564393,B100,True
epa,1.5,436375160.38388544,4259.396392229238,B70,488530260.4564393,B100,True
epa,2.0,438112448.543412,4276.35381691959,B70,488530260.4564393,B100,True
epa,2.5,439849736.7029385,4293.311241609941,B70,488530260.4564393,B100,True
epa,3.0,441587024.862465,4310.268666300293,B70,488530260.4564393,B100,True
epa,3.5,443324313.02199155,4327.2260909906445,B70,488530260.4564393,B100,True
epa,4.0,445061601.1815181,4344.183515680997,B70,488530260.4564393,B100,True
epa,4.5,446798889.3410446,4361.140940371348,B70,488530260.4564393,B100,True
epa,5.0,448536177.5005712,4378.0983650617,B70,488530260.4564393,B100,True
epa,5.5,450273465.6600977,4395.055789752052,B70,488530260.4564393,B100,True
epa,6.0,452010753.81962425,4412.013214442403,B70,488530260.4564393,B100,True
epa,6.5,453748041.9791507,4428.9706391327545,B70,488530260.4564393,B100,True
epa,7.0,455485330.1386773,4445.928063823107,B70,488530260.4564393,B100,True
epa,7.5,457222618.29820377,4462.885488513458,B70,488530260.4564393,B100,True
epa,8.0,458959906.45773035,4479.84291320381,B70,488530260.4564393,B100,True
epa,8.5,460697194.6172568,4496.800337894161,B70,488530260.4564393,B100,True
epa,9.0,462434482.77678347,4513.757762584514,B70,488530260.4564393,B100,True
epa,9.5,464171770.93630993,4530.7151872748655,B70,488530260.4564393,B100,True
epa,10.0,465909059.09583646,4547.672611965217,B70,488530260.4564393,B100,True
epa,10.5,467646347.2553629,4564.630036655568,B70,488530260.4564393,B100,True
epa,11.0,469383635.4148896,4581.587461345921,B70,488530260.4564393,B100,True
epa,11.5,471120923.57441604,4598.544886036272,B70,488530260.4564393,B100,True
epa,12.0,472858211.73394257,4615.502310726623,B70,488530260.4564393,B100,True
epa,12.5,474595499.8934691,4632.4597354169755,B70,488530260.4564393,B100,True
epa,13.0,476332788.0529956,4649.417160107327,B70,488530260.4564393,B100,True
epa,13.5,478070076.21252215,4666.374584797678,B70,488530260.4564393,B100,True
epa,14.0,479807364.37204874,4683.332009488031,B70,488530260.4564393,B100,True
epa,14.5,481544652.53157526,4700.289434178382,B70,488530260.4564393,B100,True
epa,15.0,483281940.69110173,4717.246858868733,B70,488530260.4564393,B100,True
epa,15.5,485019228.85062826,4734.204283559085,B70,488530260.4564393,B100,True
epa,16.0,486756517.0101548,4751.161708249437,B70,488530260.4564393,B100,True
epa,16.5,488493805.16968143,4768.11913293979,B70,488530260.4564393,B100,True
epa,17.0,490231093.32920784,4785.07655763014,B70,488530260.4564393,B70,False
epa,17.5,491968381.4887344,4802.033982320492,B70,488530260.4564393,B70,False
epa,18.0,493705669.64826083,4818.9914070108425,B70,488530260.4564393,B70,False
epa,18.5,495442957.8077875,4835.948831701196,B70,488530260.4564393,B70,False
epa,19.0,497180245.96731395,4852.906256391547,B70,488530260.4564393,B70,False
epa,19.5,498917534.12684053,4869.863681081899,B70,488530260.4564393,B70,False
epa,20.0,500654822.286367,4886.82110577225,B70,488530260.4564393,B70,False
epa,20.5,502392110.44589365,4903.778530462602,B70,488530260.4564393,B70,False
epa,21.0,504129398.6054202,4920.735955152954,B70,488530260.4564393,B70,False
epa,21.5,505866686.7649467,4937.693379843306,B70,488530260.4564393,B70,False
epa,22.0,507603974.9244731,4954.650804533657,B70,488530260.4564393,B70,False
epa,22.5,509341263.08399975,4971.608229224009,B70,488530260.4564393,B70,False
epa,23.0,511078551.2435262,4988.56565391436,B70,488530260.4564393,B70,False
epa,23.5,512815839.40305275,5005.523078604712,B70,488530260.4564393,B70,False
epa,24.0,514553127.5625793,5022.4805032950635,B70,488530260.4564393,B70,False
epa,24.5,516290415.7221059,5039.4379279854165,B70,488530260.4564393,B70,False
epa,25.0,518027703.8816323,5056.395352675767,B70,488530260.4564393,B70,False
epa,25.5,519764992.04115885,5073.352777366119,B70,488530260.4564393,B70,False
epa,26.0,521502280.2006855,5090.310202056471,B70,488530260.4564393,B70,False
epa,26.5,523239568.360212,5107.267626746823,B70,488530260.4564393,B70,False
epa,27.0,524976856.5197385,5124.225051437174,B70,488530260.4564393,B70,False
epa,27.5,526714144.679265,5141.182476127526,B70,488530260.4564393,B70,False
epa,28.0,528451432.83879155,5158.139900817878,B70,488530260.4564393,B70,False
epa,28.5,530188720.9983181,5175.097325508229,B70,488530260.4564393,B70,False
epa,29.0,531926009.1578446,5192.054750198581,B70,488530260.4564393,B70,False
epa,29.5,533663297.317371,5209.012174888931,B70,488530260.4564393,B70,False
epa,30.0,535400585.47689766,5225.9695995792845,B70,488530260.4564393,B70,False
epa,30.5,537137873.6364242,5242.927024269636,B70,488530260.4564393,B70,False
epa,31.0,538875161.7959508,5259.884448959988,B70,488530260.4564393,B70,False
epa,31.5,540612449.9554771,5276.841873650338,B70,488530260.4564393,B70,False
epa,32.0,542349738.1150038,5293.799298340691,B70,488530260.4564393,B70,False
epa,32.5,544087026.2745303,5310.756723031042,B70,488530260.4564393,B70,False
epa,33.0,545824314.4340569,5327.7141477213945,B70,488530260.4564393,B70,False
epa,33.5,547561602.5935833,5344.671572411746,B70,488530260.4564393,B70,False
epa,34.0,549298890.7531099,5361.628997102098,B70,488530260.4564393,B70,False
epa,34.5,551036178.9126364,5378.586421792449,B70,488530260.4564393,B70,False
epa,35.0,552773467.0721629,5395.5438464828,B70,488530260.4564393,B70,False
epa,35.5,554510755.2316895,5412.501271173152,B70,488530260.4564393,B70,False
epa,36.0,556248043.391216,5429.4586958635045,B70,488530260.4564393,B70,False
epa,36.5,557985331.5507425,5446.416120553856,B70,488530260.4564393,B70,False
epa,37.0,559722619.7102691,5463.373545244208,B70,488530260.4564393,B70,False
epa,37.5,561459907.8697956,5480.330969934559,B70,488530260.4564393,B70,False
epa,38.0,563197196.0293221,5497.288394624911,B70,488530260.4564393,B70,False
epa,38.5,564934484.1888486,5514.245819315262,B70,488530260.4564393,B70,False
epa,39.0,566671772.3483752,5531.203244005615,B70,488530260.4564393,B70,False
epa,39.5,568409060.5079018,5548.160668695967,B70,488530260.4564393,B70,False
epa,40.0,570146348.6674283,5565.118093386318,B70,488530260.4564393,B70,False
epa,40.5,571883636.8269548,5582.07551807667,B70,488530260.4564393,B70,False
epa,41.0,573620924.9864812,5599.03294276702,B70,488530260.4564393,B70,False
epa,41.5,575358213.1460079,5615.990367457373,B70,488530260.4564393,B70,False
epa,42.0,577095501.3055344,5632.947792147725,B70,488530260.4564393,B70,False
epa,42.5,578832789.465061,5649.905216838077,B70,488530260.4564393,B70,False
epa,43.0,580570077.6245874,5666.862641528428,B70,488530260.4564393,B70,False
epa,43.5,582307365.784114,5683.82006621878,B70,488530260.4564393,B70,False
epa,44.0,584044653.9436405,5700.777490909131,B70,488530260.4564393,B70,False
epa,44.5,585781942.1031669,5717.7349155994825,B70,488530260.4564393,B70,False
epa,45.0,587519230.2626935,5734.692340289835,B70,488530260.4564393,B70,False
epa,45.5,589256518.4222201,5751.649764980187,B70,488530260.4564393,B70,False
epa,46.0,590993806.5817466,5768.607189670538,B70,488530260.4564393,B70,False
epa,46.5,592731094.741273,5785.564614360888,B70,488530260.4564393,B70,False
epa,47.0,594468382.9007996,5802.522039051241,B70,488530260.4564393,B70,False
epa,47.5,596205671.0603262,5819.4794637415935,B70,488530260.4564393,B70,False
epa,48.0,597942959.2198527,5836.436888431944,B70,488530260.4564393,B70,False
epa,48.5,599680247.3793792,5853.394313122295,B70,488530260.4564393,B70,False
epa,49.0,601417535.5389056,5870.351737812646,B70,488530260.4564393,B70,False
epa,49.5,603154823.6984323,5887.309162503,B70,488530260.4564393,B70,False
epa,50.0,604892111.8579588,5904.2665871933505,B70,488530260.4564393,B70,False
epa,50.5,606629400.0174853,5921.224011883702,B70,488530260.4564393,B70,False
epa,51.0,608366688.177012,5938.181436574056,B70,488530260.4564393,B70,False
epa,51.5,610103976.3365384,5955.138861264406,B70,488530260.4564393,B70,False
epa,52.0,611841264.4960649,5972.096285954757,B70,488530260.4564393,B70,False
epa,52.5,613578552.6555914,5989.053710645108,B70,488530260.4564393,B70,False
epa,53.0,615315840.8151181,6006.011135335462,B70,488530260.4564393,B70,False
epa,53.5,617053128.9746445,6022.968560025813,B70,488530260.4564393,B70,False
epa,54.0,618790417.134171,6039.925984716164,B70,488530260.4564393,B70,False
epa,54.5,620527705.2936976,6056.883409406516,B70,488530260.4564393,B70,False
epa,55.0,622264993.4532242,6073.840834096868,B70,488530260.4564393,B70,False
epa,55.5,624002281.6127508,6090.798258787221,B70,488530260.4564393,B70,False
epa,56.0,625739569.7722771,6107.7556834775705,B70,488530260.4564393,B70,False
epa,56.5,627476857.9318037,6124.713108167923,B70,488530260.4564393,B70,False
epa,57.0,629214146.0913302,6141.670532858274,B70,488530260.4564393,B70,False
epa,57.5,630951434.2508568,6158.627957548626,B70,488530260.4564393,B70,False
epa,58.0,632688722.4103833,6175.585382238978,B70,488530260.4564393,B70,False
epa,58.5,634426010.5699097,6192.542806929328,B70,488530260.4564393,B70,False
epa,59.0,636163298.7294364,6209.5002316196815,B70,488530260.4564393,B70,False
epa,59.5,637900586.8889629,6226.457656310033,B70,488530260.4564393,B70,False
epa,60.0,639637875.0484895,6243.415081000385,B70,488530260.4564393,B70,False
epa,60.5,641375163.2080158,6260.372505690735,B70,488530260.4564393,B70,False
epa,61.0,643112451.3675424,6277.329930381087,B70,488530260.4564393,B70,False
epa,61.5,644849739.5270691,6294.28735507144,B70,488530260.4564393,B70,False
epa,62.0,646587027.6865956,6311.2447797617915,B70,488530260.4564393,B70,False
epa,62.5,648324315.846122,6328.202204452143,B70,488530260.4564393,B70,False
epa,63.0,650061604.0056485,6345.159629142494,B70,488530260.4564393,B70,False
epa,63.5,651798892.1651751,6362.117053832846,B70,488530260.4564393,B70,False
epa,64.0,653536180.3247015,6379.074478523197,B70,488530260.4564393,B70,False
epa,64.5,655273468.4842283,6396.03190321355,B70,488530260.4564393,B70,False
epa,65.0,657010756.6437547,6412.9893279039015,B70,488530260.4564393,B70,False
epa,65.5,658748044.8032812,6429.946752594253,B70,488530260.4564393,B70,False
epa,66.0,660485332.9628078,6446.904177284605,B70,488530260.4564393,B70,False
epa,66.5,662222621.1223342,6463.861601974956,B70,488530260.4564393,B70,False
epa,67.0,663959909.2818608,6480.819026665308,B70,488530260.4564393,B70,False
epa,67.5,665697197.4413873,6497.776451355659,B70,488530260.4564393,B70,False
epa,68.0,667434485.6009139,6514.733876046012,B70,488530260.4564393,B70,False
epa,68.5,669171773.7604405,6531.691300736364,B70,488530260.4564393,B70,False
epa,69.0,670909061.9199669,6548.648725426715,B70,488530260.4564393,B70,False
epa,69.5,672646350.0794934,6565.606150117066,B70,488530260.4564393,B70,False
epa,70.0,674383638.2390199,6582.563574807417,B70,488530260.4564393,B70,False
epa,70.5,676120926.3985466,6599.52099949777,B70,488530260.4564393,B70,False
epa,71.0,677858214.558073,6616.478424188122,B70,488530260.4564393,B70,False
epa,71.5,679595502.7175995,6633.435848878473,B70,488530260.4564393,B70,False
epa,72.0,681332790.8771261,6650.393273568825,B70,488530260.4564393,B70,False
epa,72.5,683070079.0366527,6667.350698259177,B70,488530260.4564393,B70,False
epa,73.0,684807367.1961792,6684.308122949528,B70,488530260.4564393,B70,False
epa,73.5,686544655.3557056,6701.2655476398795,B70,488530260.4564393,B70,False
epa,74.0,688281943.5152322,6718.222972330232,B70,488530260.4564393,B70,False
epa,74.5,690019231.6747588,6735.180397020584,B70,488530260.4564393,B70,False
epa,75.0,691756519.8342853,6752.137821710935,B70,488530260.4564393,B70,False
epa,75.5,693493807.9938117,6769.095246401286,B70,488530260.4564393,B70,False
epa,76.0,695231096.1533384,6786.052671091639,B70,488530260.4564393,B70,False
epa,76.5,696968384.312865,6803.010095781991,B70,488530260.4564393,B70,False
epa,77.0,698705672.4723914,6819.967520472342,B70,488530260.4564393,B70,False
epa,77.5,700442960.6319178,6836.924945162692,B70,488530260.4564393,B70,False
epa,78.0,702180248.7914444,6853.882369853045,B70,488530260.4564393,B70,False
epa,78.5,703917536.9509711,6870.839794543398,B70,488530260.4564393,B70,False
epa,79.0,705654825.1104975,6887.797219233748,B70,488530260.4564393,B70,False
epa,79.5,707392113.270024,6904.754643924099,B70,488530260.4564393,B70,False
epa,80.0,709129401.4295506,6921.712068614453,B70,488530260.4564393,B70,False
epa,80.5,710866689.5890771,6938.669493304804,B70,488530260.4564393,B70,False
epa,81.0,712603977.7486037,6955.626917995156,B70,488530260.4564393,B70,False
epa,81.5,714341265.90813,6972.584342685505,B70,488530260.4564393,B70,False
epa,82.0,716078554.0676566,6989.5417673758575,B70,488530260.4564393,B70,False
epa,82.5,717815842.2271831,7006.499192066209,B70,488530260.4564393,B70,False
epa,83.0,719553130.3867098,7023.456616756563,B70,488530260.4564393,B70,False
epa,83.5,721290418.5462363,7040.414041446913,B70,488530260.4564393,B70,False
epa,84.0,723027706.7057627,7057.371466137264,B70,488530260.4564393,B70,False
epa,84.5,724764994.8652893,7074.328890827616,B70,488530260.4564393,B70,False
epa,85.0,726502283.0248158,7091.2863155179675,B70,488530260.4564393,B70,False
epa,85.5,728239571.1843424,7108.24374020832,B70,488530260.4564393,B70,False
epa,86.0,729976859.3438689,7125.201164898671,B70,488530260.4564393,B70,False
epa,86.5,731714147.5033954,7142.158589589023,B70,488530260.4564393,B70,False
epa,87.0,733451435.662922,7159.116014279375,B70,488530260.4564393,B70,False
epa,87.5,735188723.8224485,7176.073438969726,B70,488530260.4564393,B70,False
epa,88.0,736926011.9819751,7193.0308636600785,B70,488530260.4564393,B70,False
epa,88.5,738663300.1415015,7209.98828835043,B70,488530260.4564393,B70,False
epa,89.0,740400588.3010281,7226.945713040782,B70,488530260.4564393,B70,False
epa,89.5,742137876.4605546,7243.903137731133,B70,488530260.4564393,B70,False
epa,90.0,743875164.6200812,7260.860562421485,B70,488530260.4564393,B70,False
epa,90.5,745612452.7796078,7277.817987111837,B70,488530260.4564393,B70,False
epa,91.0,747349740.9391342,7294.7754118021885,B70,488530260.4564393,B70,False
epa,91.5,749087029.0986608,7311.732836492541,B70,488530260.4564393,B70,False
epa,92.0,750824317.2581872,7328.690261182891,B70,488530260.4564393,B70,False
epa,92.5,752561605.4177139,7345.647685873244,B70,488530260.4564393,B70,False
epa,93.0,754298893.5772403,7362.605110563595,B70,488530260.4564393,B70,False
epa,93.5,756036181.7367669,7379.562535253947,B70,488530260.4564393,B70,False
epa,94.0,757773469.8962934,7396.5199599442985,B70,488530260.4564393,B70,False
epa,94.5,759510758.0558199,7413.47738463465,B70,488530260.4564393,B70,False
epa,95.0,761248046.2153465,7430.434809325002,B70,488530260.4564393,B70,False
epa,95.5,762985334.374873,7447.392234015354,B70,488530260.4564393,B70,False
epa,96.0,764722622.5343995,7464.349658705705,B70,488530260.4564393,B70,False
epa,96.5,766459910.693926,7481.307083396056,B70,488530260.4564393,B70,False
epa,97.0,768197198.8534526,7498.264508086409,B70,488530260.4564393,B70,False
epa,97.5,769934487.0129791,7515.221932776761,B70,488530260.4564393,B70,False
epa,98.0,771671775.1725056,7532.179357467112,B70,488530260.4564393,B70,False
epa,98.5,773409063.3320321,7549.136782157463,B70,488530260.4564393,B70,False
epa,99.0,775146351.4915587,7566.094206847815,B70,488530260.4564393,B70,False
epa,99.5,776883639.6510853,7583.051631538167,B70,488530260.4564393,B70,False
epa,100.0,778620927.8106117,7600.009056228519,B70,488530260.4564393,B70,False
generator,0.0,431032012.10656303,4207.2426755155,B70,490206023.8691761,B100,True
generator,0.5,432768643.84709585,4224.193692992639,B70,490206023.8691761,B100,True
generator,1.0,434505275.5876287,4241.144710469777,B70,490206023.8691761,B100,True
generator,1.5,436241907.32816154,4258.095727946916,B70,490206023.8691761,B100,True
generator,2.0,437978539.0686943,4275.046745424053,B70,490206023.8691761,B100,True
generator,2.5,439715170.8092271,4291.997762901192,B70,490206023.8691761,B100,True
generator,3.0,441451802.54976,4308.94878037833,B70,490206023.8691761,B100,True
generator,3.5,443188434.2902928,4325.899797855469,B70,490206023.8691761,B100,True
generator,4.0,444925066.03082556,4342.8508153326065,B70,490206023.8691761,B100,True
generator,4.5,446661697.7713584,4359.801832809745,B70,490206023.8691761,B100,True
generator,5.0,448398329.51189125,4376.752850286884,B70,490206023.8691761,B100,True
generator,5.5,450134961.25242406,4393.703867764022,B70,490206023.8691761,B100,True
generator,6.0,451871592.9929568,4410.65488524116,B70,490206023.8691761,B100,True
generator,6.5,453608224.7334896,4427.605902718297,B70,490206023.8691761,B100,True
generator,7.0,455344856.4740225,4444.556920195437,B70,490206023.8691761,B100,True
generator,7.5,457081488.2145553,4461.507937672575,B70,490206023.8691761,B100,True
generator,8.0,458818119.95508814,4478.458955149714,B70,490206023.8691761,B100,True
generator,8.5,460554751.69562083,4495.4099726268505,B70,490206023.8691761,B100,True
generator,9.0,462291383.43615377,4512.36099010399,B70,490206023.8691761,B100,True
generator,9.5,464028015.1766866,4529.3120075811285,B70,490206023.8691761,B100,True
generator,10.0,465764646.9172194,4546.263025058266,B70,490206023.8691761,B100,True
generator,10.5,467501278.6577521,4563.214042535404,B70,490206023.8691761,B100,True
generator,11.0,469237910.39828503,4580.165060012543,B70,490206023.8691761,B100,True
generator,11.5,470974542.13881785,4597.116077489682,B70,490206023.8691761,B100,True
generator,12.0,472711173.87935066,4614.067094966819,B70,490206023.8691761,B100,True
generator,12.5,474447805.61988336,4631.018112443957,B70,490206023.8691761,B100,True
generator,13.0,476184437.36041623,4647.969129921095,B70,490206023.8691761,B100,True
generator,13.5,477921069.1009491,4664.920147398234,B70,490206023.8691761,B100,True
generator,14.0,479657700.8414819,4681.871164875372,B70,490206023.8691761,B100,True
generator,14.5,481394332.58201474,4698.822182352511,B70,490206023.8691761,B100,True
generator,15.0,483130964.3225475,4715.773199829649,B70,490206023.8691761,B100,True
generator,15.5,484867596.0630804,4732.724217306787,B70,490206023.8691761,B100,True
generator,16.0,486604227.8036131,4749.675234783925,B70,490206023.8691761,B100,True
generator,16.5,488340859.544146,4766.626252261064,B70,490206023.8691761,B100,True
generator,17.0,490077491.28467876,4783.577269738202,B70,490206023.8691761,B100,True
generator,17.5,491814123.02521163,4800.52828721534,B70,490206023.8691761,B70,False
generator,18.0,493550754.7657444,4817.479304692478,B70,490206023.8691761,B70,False
generator,18.5,495287386.50627726,4834.430322169617,B70,490206023.8691761,B70,False
generator,19.0,497024018.24681,4851.381339646755,B70,490206023.8691761,B70,False
generator,19.5,498760649.9873429,4868.332357123893,B70,490206023.8691761,B70,False
generator,20.0,500497281.72787565,4885.283374601031,B70,490206023.8691761,B70,False
generator,20.5,502233913.4684085,4902.2343920781705,B70,490206023.8691761,B70,False
generator,21.0,503970545.2089413,4919.185409555308,B70,490206023.8691761,B70,False
generator,21.5,505707176.94947416,4936.136427032447,B70,490206023.8691761,B70,False
generator,22.0,507443808.6900069,4953.087444509584,B70,490206023.8691761,B70,False
generator,22.5,509180440.4305398,4970.038461986723,B70,490206023.8691761,B70,False
generator,23.0,510917072.1710726,4986.989479463861,B70,490206023.8691761,B70,False
generator,23.5,512653703.91160524,5003.940496940998,B70,490206023.8691761,B70,False
generator,24.0,514390335.6521381,5020.8915144181365,B70,490206023.8691761,B70,False
generator,24.5,516126967.39267105,5037.842531895276,B70,490206023.8691761,B70,False
generator,25.0,517863599.1332038,5054.7935493724135,B70,490206023.8691761,B70,False
generator,25.5,519600230.87373656,5071.744566849552,B70,490206023.8691761,B70,False
generator,26.0,521336862.61426955,5088.6955843266915,B70,490206023.8691761,B70,False
generator,26.5,523073494.35480237,5105.64660180383,B70,490206023.8691761,B70,False
generator,27.0,524810126.095335,5122.597619280967,B70,490206023.8691761,B70,False
generator,27.5,526546757.8358679,5139.548636758105,B70,490206023.8691761,B70,False
generator,28.0,528283389.57640076,5156.499654235244,B70,490206023.8691761,B70,False
generator,28.5,530020021.3169335,5173.450671712381,B70,490206023.8691761,B70,False
generator,29.0,531756653.0574663,5190.40168918952,B70,490206023.8691761,B70,False
generator,29.5,533493284.7979991,5207.3527066666575,B70,490206023.8691761,B70,False
generator,30.0,535229916.53853196,5224.303724143797,B70,490206023.8691761,B70,False
generator,30.5,536966548.2790648,5241.2547416209345,B70,490206023.8691761,B70,False
generator,31.0,538703180.0195976,5258.205759098074,B70,490206023.8691761,B70,False
generator,31.5,540439811.7601303,5275.156776575211,B70,490206023.8691761,B70,False
generator,32.0,542176443.5006633,5292.10779405235,B70,490206023.8691761,B70,False
generator,32.5,543913075.241196,5309.058811529488,B70,490206023.8691761,B70,False
generator,33.0,545649706.9817289,5326.009829006627,B70,490206023.8691761,B70,False
generator,33.5,547386338.7222617,5342.960846483765,B70,490206023.8691761,B70,False
generator,34.0,549122970.4627945,5359.911863960903,B70,490206023.8691761,B70,False
generator,34.5,550859602.2033272,5376.86288143804,B70,490206023.8691761,B70,False
generator,35.0,552596233.94386,5393.8138989151785,B70,490206023.8691761,B70,False
generator,35.5,554332865.6843929,5410.764916392318,B70,490206023.8691761,B70,False
generator,36.0,556069497.4249258,5427.715933869456,B70,490206023.8691761,B70,False
generator,36.5,557806129.1654586,5444.666951346594,B70,490206023.8691761,B70,False
generator,37.0,559542760.9059914,5461.617968823733,B70,490206023.8691761,B70,False
generator,37.5,561279392.6465243,5478.568986300872,B70,490206023.8691761,B70,False
generator,38.0,563016024.3870571,5495.52000377801,B70,490206023.8691761,B70,False
generator,38.5,564752656.1275898,5512.471021255147,B70,490206023.8691761,B70,False
generator,39.0,566489287.8681227,5529.422038732286,B70,490206023.8691761,B70,False
generator,39.5,568225919.6086556,5546.373056209425,B70,490206023.8691761,B70,False
generator,40.0,569962551.3491882,5563.324073686561,B70,490206023.8691761,B70,False
generator,40.5,571699183.0897211,5580.2750911637,B70,490206023.8691761,B70,False
generator,41.0,573435814.830254,5597.226108640839,B70,490206023.8691761,B70,False
generator,41.5,575172446.5707868,5614.177126117978,B70,490206023.8691761,B70,False
generator,42.0,576909078.3113196,5631.128143595116,B70,490206023.8691761,B70,False
generator,42.5,578645710.0518522,5648.079161072252,B70,490206023.8691761,B70,False
generator,43.0,580382341.7923851,5665.030178549391,B70,490206023.8691761,B70,False
generator,43.5,582118973.532918,5681.98119602653,B70,490206023.8691761,B70,False
generator,44.0,583855605.2734509,5698.932213503668,B70,490206023.8691761,B70,False
generator,44.5,585592237.0139837,5715.883230980808,B70,490206023.8691761,B70,False
generator,45.0,587328868.7545164,5732.834248457944,B70,490206023.8691761,B70,False
generator,45.5,589065500.4950492,5749.785265935083,B70,490206023.8691761,B70,False
generator,46.0,590802132.2355821,5766.736283412221,B70,490206023.8691761,B70,False
generator,46.5,592538763.9761149,5783.687300889359,B70,490206023.8691761,B70,False
generator,47.0,594275395.7166475,5800.638318366496,B70,490206023.8691761,B70,False
generator,47.5,596012027.4571806,5817.589335843637,B70,490206023.8691761,B70,False
generator,48.0,597748659.1977133,5834.540353320774,B70,490206023.8691761,B70,False
generator,48.5,599485290.9382461,5851.491370797912,B70,490206023.8691761,B70,False
generator,49.0,601221922.678779,5868.442388275052,B70,490206023.8691761,B70,False
generator,49.5,602958554.4193119,5885.39340575219,B70,490206023.8691761,B70,False
generator,50.0,604695186.1598445,5902.344423229327,B70,490206023.8691761,B70,False
generator,50.5,606431817.9003774,5919.295440706465,B70,490206023.8691761,B70,False
generator,51.0,608168449.6409101,5936.246458183603,B70,490206023.8691761,B70,False
generator,51.5,609905081.381443,5953.197475660742,B70,490206023.8691761,B70,False
generator,52.0,611641713.1219759,5970.148493137881,B70,490206023.8691761,B70,False
generator,52.5,613378344.8625085,5987.099510615018,B70,490206023.8691761,B70,False
generator,53.0,615114976.6030416,6004.050528092159,B70,490206023.8691761,B70,False
generator,53.5,616851608.3435743,6021.001545569296,B70,490206023.8691761,B70,False
generator,54.0,618588240.0841072,6037.952563046434,B70,490206023.8691761,B70,False
generator,54.5,620324871.8246398,6054.903580523571,B70,490206023.8691761,B70,False
generator,55.0,622061503.5651728,6071.85459800071,B70,490206023.8691761,B70,False
generator,55.5,623798135.3057057,6088.80561547785,B70,490206023.8691761,B70,False
generator,56.0,625534767.0462383,6105.756632954985,B70,490206023.8691761,B70,False
generator,56.5,627271398.7867712,6122.707650432125,B70,490206023.8691761,B70,False
generator,57.0,629008030.527304,6139.658667909263,B70,490206023.8691761,B70,False
generator,57.5,630744662.2678369,6156.609685386403,B70,490206023.8691761,B70,False
generator,58.0,632481294.0083696,6173.560702863539,B70,490206023.8691761,B70,False
generator,58.5,634217925.7489024,6190.511720340678,B70,490206023.8691761,B70,False
generator,59.0,635954557.4894352,6207.462737817816,B70,490206023.8691761,B70,False
generator,59.5,637691189.2299681,6224.413755294954,B70,490206023.8691761,B70,False
generator,60.0,639427820.970501,6241.364772772094,B70,490206023.8691761,B70,False
generator,60.5,641164452.7110336,6258.315790249229,B70,490206023.8691761,B70,False
generator,61.0,642901084.4515665,6275.266807726369,B70,490206023.8691761,B70,False
generator,61.5,644637716.1920993,6292.217825203507,B70,490206023.8691761,B70,False
generator,62.0,646374347.9326322,6309.168842680646,B70,490206023.8691761,B70,False
generator,62.5,648110979.6731648,6326.119860157783,B70,490206023.8691761,B70,False
generator,63.0,649847611.4136977,6343.070877634922,B70,490206023.8691761,B70,False
generator,63.5,651584243.1542305,6360.02189511206,B70,490206023.8691761,B70,False
generator,64.0,653320874.8947634,6376.972912589198,B70,490206023.8691761,B70,False
generator,64.5,655057506.6352962,6393.923930066337,B70,490206023.8691761,B70,False
generator,65.0,656794138.3758291,6410.874947543476,B70,490206023.8691761,B70,False
generator,65.5,658530770.116362,6427.825965020615,B70,490206023.8691761,B70,False
generator,66.0,660267401.8568946,6444.776982497751,B70,490206023.8691761,B70,False
generator,66.5,662004033.5974275,6461.72799997489,B70,490206023.8691761,B70,False
generator,67.0,663740665.3379604,6478.679017452029,B70,490206023.8691761,B70,False
generator,67.5,665477297.0784931,6495.630034929167,B70,490206023.8691761,B70,False
generator,68.0,667213928.819026,6512.581052406305,B70,490206023.8691761,B70,False
generator,68.5,668950560.5595589,6529.532069883444,B70,490206023.8691761,B70,False
generator,69.0,670687192.3000915,6546.483087360581,B70,490206023.8691761,B70,False
generator,69.5,672423824.0406244,6563.43410483772,B70,490206023.8691761,B70,False
generator,70.0,674160455.7811573,6580.385122314859,B70,490206023.8691761,B70,False
generator,70.5,675897087.5216901,6597.336139791997,B70,490206023.8691761,B70,False
generator,71.0,677633719.2622228,6614.287157269134,B70,490206023.8691761,B70,False
generator,71.5,679370351.0027555,6631.238174746271,B70,490206023.8691761,B70,False
generator,72.0,681106982.7432884,6648.189192223411,B70,490206023.8691761,B70,False
generator,72.5,682843614.4838213,6665.140209700549,B70,490206023.8691761,B70,False
generator,73.0,684580246.2243541,6682.091227177688,B70,490206023.8691761,B70,False
generator,73.5,686316877.9648868,6699.042244654825,B70,490206023.8691761,B70,False
generator,74.0,688053509.7054197,6715.993262131963,B70,490206023.8691761,B70,False
generator,74.5,689790141.4459525,6732.9442796091025,B70,490206023.8691761,B70,False
generator,75.0,691526773.1864854,6749.895297086241,B70,490206023.8691761,B70,False
generator,75.5,693263404.927018,6766.846314563378,B70,490206023.8691761,B70,False
generator,76.0,695000036.667551,6783.797332040518,B70,490206023.8691761,B70,False
generator,76.5,696736668.4080839,6800.748349517657,B70,490206023.8691761,B70,False
generator,77.0,698473300.1486166,6817.699366994793,B70,490206023.8691761,B70,False
generator,77.5,700209931.8891494,6834.650384471932,B70,490206023.8691761,B70,False
generator,78.0,701946563.6296823,6851.60140194907,B70,490206023.8691761,B70,False
generator,78.5,703683195.3702152,6868.55241942621,B70,490206023.8691761,B70,False
generator,79.0,705419827.1107478,6885.5034369033465,B70,490206023.8691761,B70,False
generator,79.5,707156458.8512807,6902.454454380485,B70,490206023.8691761,B70,False
generator,80.0,708893090.5918134,6919.405471857623,B70,490206023.8691761,B70,False
generator,80.5,710629722.3323463,6936.356489334761,B70,490206023.8691761,B70,False
generator,81.0,712366354.0728792,6953.307506811901,B70,490206023.8691761,B70,False
generator,81.5,714102985.8134118,6970.258524289037,B70,490206023.8691761,B70,False
generator,82.0,715839617.5539447,6987.209541766176,B70,490206023.8691761,B70,False
generator,82.5,717576249.2944776,7004.160559243314,B70,490206023.8691761,B70,False
generator,83.0,719312881.0350105,7021.111576720454,B70,490206023.8691761,B70,False
generator,83.5,721049512.7755431,7038.0625941975895,B70,490206023.8691761,B70,False
generator,84.0,722786144.516076,7055.013611674729,B70,490206023.8691761,B70,False
generator,84.5,724522776.2566087,7071.964629151867,B70,490206023.8691761,B70,False
generator,85.0,726259407.9971416,7088.915646629005,B70,490206023.8691761,B70,False
generator,85.5,727996039.7376745,7105.8666641061445,B70,490206023.8691761,B70,False
generator,86.0,729732671.4782073,7122.817681583283,B70,490206023.8691761,B70,False
generator,86.5,731469303.21874,7139.76869906042,B70,490206023.8691761,B70,False
generator,87.0,733205934.9592729,7156.719716537558,B70,490206023.8691761,B70,False
generator,87.5,734942566.6998057,7173.670734014698,B70,490206023.8691761,B70,False
generator,88.0,736679198.4403385,7190.621751491835,B70,490206023.8691761,B70,False
generator,88.5,738415830.1808714,7207.572768968974,B70,490206023.8691761,B70,False
generator,89.0,740152461.9214042,7224.523786446112,B70,490206023.8691761,B70,False
generator,89.5,741889093.6619371,7241.474803923252,B70,490206023.8691761,B70,False
generator,90.0,743625725.4024698,7258.4258214003885,B70,490206023.8691761,B70,False
generator,90.5,745362357.1430026,7275.376838877527,B70,490206023.8691761,B70,False
generator,91.0,747098988.8835355,7292.3278563546655,B70,490206023.8691761,B70,False
generator,91.5,748835620.6240684,7309.278873831805,B70,490206023.8691761,B70,False
generator,92.0,750572252.364601,7326.229891308941,B70,490206023.8691761,B70,False
generator,92.5,752308884.1051338,7343.180908786078,B70,490206023.8691761,B70,False
generator,93.0,754045515.8456666,7360.131926263218,B70,490206023.8691761,B70,False
generator,93.5,755782147.5861995,7377.082943740356,B70,490206023.8691761,B70,False
generator,94.0,757518779.3267324,7394.033961217496,B70,490206023.8691761,B70,False
generator,94.5,759255411.067265,7410.9849786946315,B70,490206023.8691761,B70,False
generator,95.0,760992042.8077979,7427.935996171771,B70,490206023.8691761,B70,False
generator,95.5,762728674.5483308,7444.8870136489095,B70,490206023.8691761,B70,False
generator,96.0,764465306.2888637,7461.838031126048,B70,490206023.8691761,B70,False
generator,96.5,766201938.0293963,7478.789048603185,B70,490206023.8691761,B70,False
generator,97.0,767938569.769929,7495.740066080322,B70,490206023.8691761,B70,False
generator,97.5,769675201.5104622,7512.691083557464,B70,490206023.8691761,B70,False
generator,98.0,771411833.2509948,7529.6421010346,B70,490206023.8691761,B70,False
generator,98.5,773148464.9915277,7546.593118511739,B70,490206023.8691761,B70,False
generator,99.0,774885096.7320606,7563.544135988878,B70,490206023.8691761,B70,False
generator,99.5,776621728.4725934,7580.495153466017,B70,490206023.8691761,B70,False
generator,100.0,778358360.2131261,7597.446170943153,B70,490206023.8691761,B70,False
