config,a1_b40_rp,a2_b100_index_rp,basis,cheapest_blend,second_cheapest,curve_shape,ranking_matches_base,cost_B0_rp_per_kwh,cost_B40_rp_per_kwh,cost_B100_rp_per_kwh,B40_vs_B0_pct,B100_vs_B40_pct,B100_vs_B0_pct
a1base_a2hi,18300.0,17162.6,epa,B100,B70,monotonic_decreasing,True,5164849.25672329,5120034.822215342,5050992.613439933,0.8676813645550602,1.348471468901758,2.2044523978148156
a1base_a2hi,18300.0,17162.6,generator,B100,B70,non_monotonic,False,5164849.25672329,5163223.579989657,5027366.320426722,0.031475782793039406,2.6312488207843003,2.661896397413765
a1base_a2lo,18300.0,12685.4,epa,B100,B70,monotonic_decreasing,True,5984956.188537335,5120034.822215342,3762692.5422925176,14.451590606102192,26.510411101765282,37.13082562744569
a1base_a2lo,18300.0,12685.4,generator,B100,B70,monotonic_decreasing,True,5984956.188537335,5163223.579989657,3745092.343019551,13.729968652427218,27.466004812693896,37.42489961426409
a1hi_a2base,21045.0,14924.0,epa,B100,B70,monotonic_decreasing,True,6831934.755948878,5888040.045547644,4406842.577866226,13.815921025582718,25.156035900290007,35.49641887272142
a1hi_a2base,21045.0,14924.0,generator,B100,B70,monotonic_decreasing,True,6831934.755948878,5937707.116988106,4386229.331723137,13.088937042060122,26.129240710207913,35.79813788614058
a1hi_a2hi,21045.0,17162.6,epa,B100,B70,monotonic_decreasing,True,6421881.290041856,5888040.045547644,5050992.613439933,8.312848219757933,14.216062146871096,21.34715069753317
a1hi_a2hi,21045.0,17162.6,generator,B100,B70,monotonic_decreasing,True,6421881.290041856,5937707.116988106,5027366.320426722,7.539444458503757,15.331520713725483,21.71505368337391
a1hi_a2lo,21045.0,12685.4,epa,B100,B70,monotonic_decreasing,True,7241988.221855901,5888040.045547644,3762692.5422925176,18.695807488641314,36.09600965370894,48.04337666641145
a1hi_a2lo,21045.0,12685.4,generator,B100,B70,monotonic_decreasing,True,7241988.221855901,5937707.116988106,3745092.343019551,18.00998655219503,36.92696070669035,48.28640660147611
a1lo_a2base,15555.0,14924.0,epa,B0,B10,monotonic_increasing,False,4317870.689311747,4352029.59888304,4406842.577866226,-0.791105432032699,-1.2594808407841105,-2.0605500941636636
a1lo_a2base,15555.0,14924.0,generator,B0,B10,non_monotonic,False,4317870.689311747,4388740.042991208,4386229.331723137,-1.6413032899499997,0.0572080196930544,-1.583156313147608
a1lo_a2hi,15555.0,17162.6,epa,B0,B10,monotonic_increasing,False,3907817.223404726,4352029.59888304,5050992.613439933,-11.36727615656727,-16.06062180129205,-29.253553190474037
a1lo_a2hi,15555.0,17162.6,generator,B0,B10,monotonic_increasing,False,3907817.223404726,4388740.042991208,5027366.320426722,-12.306686625621477,-14.551471975547878,-28.648962656615165
a1lo_a2lo,15555.0,12685.4,epa,B100,B70,monotonic_decreasing,True,4727924.155218771,4352029.59888304,3762692.5422925176,7.950520016714109,13.541660119723858,20.41554773802393
a1lo_a2lo,15555.0,12685.4,generator,B100,B70,monotonic_decreasing,True,4727924.155218771,4388740.042991208,3745092.343019551,7.174059927614629,14.665888014934001,20.787808347440414
base,18300.0,14924.0,epa,B100,B70,monotonic_decreasing,True,5574902.722630314,5120034.822215342,4406842.577866226,8.159207847134569,13.929441285333509,20.952117066053145
base,18300.0,14924.0,generator,B100,B70,monotonic_decreasing,True,5574902.722630314,5163223.579989657,4386229.331723137,7.384508091406143,15.048626816739095,21.321867843217625
