basis,blend,pct_b,expected_fuel_l_per_day,expected_cost_rp_per_day,co2_clear_kg_per_day,co2_partly_cloudy_kg_per_day,co2_overcast_kg_per_day,co2_expected_kg_per_day,nox_clear_kg_per_day,nox_partly_cloudy_kg_per_day,nox_overcast_kg_per_day,nox_expected_kg_per_day,co_clear_kg_per_day,co_partly_cloudy_kg_per_day,co_overcast_kg_per_day,co_expected_kg_per_day,thc_clear_kg_per_day,thc_partly_cloudy_kg_per_day,thc_overcast_kg_per_day,thc_expected_kg_per_day,pm_clear_kg_per_day,pm_partly_cloudy_kg_per_day,pm_overcast_kg_per_day,pm_expected_kg_per_day
epa,B0,0,28149.274713330487,571148783.9334756,75594.78879158983,75789.70522780535,77059.05038463963,76148.04426989562,433.14370977475954,434.26054374741904,441.5336491956214,436.3137580566226,461.08846524409887,462.27735302144606,470.01969107920996,464.46303276995303,20.120223937924315,20.172102677299463,20.509950156183706,20.26747779359795,2.7944755469339326,2.8016809274027037,2.848604188358848,2.8149274713330485
epa,B10,10,28280.918677185575,559749895.4661376,76129.55828114449,76333.532839827,77630.80625141428,76698.1653707246,439.3881440792931,440.56540038817536,448.0527229150674,442.6699076865149,433.76266434599063,434.92484826023565,442.316310710566,437.0024115836069,18.069467586461098,18.11788126125171,18.425791097991958,18.204427352504357,2.633083827264332,2.640138670662436,2.6850073092925983,2.652750171920007
epa,B20,20,28409.6764617109,548164366.0849587,76672.55714247243,76878.30747573067,78175.27413587926,77242.24545112837,445.74841606247765,446.9445791822725,454.4847063932746,449.06039195967946,408.0814820390538,409.176566174177,416.07953245773524,411.11358710977225,16.23200361150166,16.275562092879937,16.550137094629385,16.352609771360793,2.4816127828564034,2.488272175422923,2.5302502854888567,2.500051528630559
epa,B30,30,28539.18743802939,536465193.2308962,77218.45541066694,77422.54906783826,78728.81854071074,77790.14220680979,452.20035263795967,453.395549087477,461.04521668483653,455.5482177233127,383.9178784199149,384.93259962151706,391.42716367363124,386.76021424143045,14.578335158530404,14.616866695093135,14.863481757277622,14.686265855609921,2.340012600261585,2.3461974135536208,2.385782341918251,2.3573368823812273
epa,B35,35,28600.099365603528,530496036.64814305,77479.33100110118,77691.52337044707,78991.36017940564,78054.27006471003,455.38071956887393,456.62786913239273,464.26759205897883,458.75989387396345,372.3160739913315,373.33573470425966,379.58191844497884,375.07886314014405,13.814298690328481,13.852131861215192,14.083888301231202,13.916808351302675,2.2711547374152867,2.277374740849189,2.3154769093680563,2.2880079492482825
epa,B40,40,28663.817257923976,524547567.5359618,77742.97317659302,77964.52841843519,79271.34546314272,78326.48046550257,458.59861395468255,459.90554785071987,467.6143408246381,462.0406695256539,361.07105080760726,362.1000464932002,368.1694542385668,363.78110396549056,13.089974271869712,13.127278639029997,13.34731397848641,13.188222320370821,2.2048967747661434,2.2111803836662136,2.248243497788952,2.2214458374891084
epa,B50,50,28796.211702910667,512644657.33720386,78298.0756714028,78523.65536252357,79835.07259423392,78885.79942726565,465.249581785314,466.5899832709603,474.38246492989515,468.7418544788095,339.7045920758311,340.6832937398972,346.3730179370666,342.2544945737745,11.758499434600173,11.792376112254843,11.989319634114896,11.846761494577448,2.0778874790846684,2.083873950804392,2.118676561497698,2.0934845908016055
epa,B70,70,29066.204469650067,488530260.4564393,79440.46672930488,79650.5492698732,80981.01178875234,80024.21378618827,478.9764569820263,480.24312364573154,488.2649826513136,482.4960875757442,300.770172849791,301.56556800091425,306.60284255692875,302.98030215073834,9.48725348078544,9.512342788493697,9.671234543325676,9.556968029620942,1.8466673441918136,1.8515509077359995,1.882478743226409,1.8602370860576043
epa,B100,100,29479.643075622495,451481022.1023949,81152.36870208144,81385.70719417093,82768.77440344318,81769.15998100789,500.1502037765523,501.5882923528192,510.11227455589756,503.95155041345896,250.48324088544393,251.20345870109958,255.4724056521455,252.38701622763446,6.875459808919022,6.895228910547153,7.012406303671617,6.927716122771286,1.5447841613230824,1.5492258999016584,1.575553416314304,1.5565251543928678
generator,B0,0,28149.274713330487,571148783.9334756,75594.78879158983,75789.70522780535,77059.05038463963,76148.04426989562,433.14370977475954,434.26054374741904,441.5336491956214,436.3137580566226,461.08846524409887,462.27735302144606,470.01969107920996,464.46303276995303,20.120223937924315,20.172102677299463,20.509950156183706,20.26747779359795,2.7944755469339326,2.8016809274027037,2.848604188358848,2.8149274713330485
generator,B10,10,28271.082071531673,559555567.2832221,76098.7953176059,76309.85056779165,77605.22545325391,76671.4883870049,439.21059304969583,440.4287161646999,447.90508118849584,442.5159392328567,433.5873864995279,434.7899140027967,442.17055923877666,436.8504143857217,18.062165949815956,18.112260237610197,18.419719456258694,18.198095529444938,1.3749357333245018,1.3787490316030753,1.4021535705401211,1.3852830215050522
generator,B20,20,28397.462197340836,547928754.4018555,76641.23159189994,76837.01651722958,78148.25034655377,77209.03644194629,445.56629986510035,446.7045274605677,454.327599186514,448.86732596848765,407.9147551477156,408.95679946535813,415.9357012303802,410.9368357114995,16.225371819515377,16.266820569021977,16.54441600924661,16.345579240789387,2.215625825250015,2.2212857830526884,2.259192318149381,2.2320405287109897
generator,B30,30,28836.57109545246,542055447.5691123,78014.93809582152,78239.77630556324,79546.88290340101,78600.7300012645,456.86464887622884,458.18132786431494,465.8358977638832,460.2951151398312,387.8778636469763,388.9957234644604,395.4944495687543,390.7903278284622,14.728705837021673,14.771153808308158,15.017926914165612,14.839299485719833,2.7305062900347217,2.7383755796980145,2.7841240334461705,2.7510088825061643
generator,B35,35,28875.86912770993,535611029.96087587,78225.80515621943,78437.53628740256,79756.72233192092,78806.89008927613,459.768082411391,461.0125210717085,468.7659681192759,463.1833787430312,375.90315099856167,376.92059529609594,383.25975907839876,378.6954732622646,13.947392469148896,13.985143402854856,14.220349745135103,14.050997917543652,2.8462311388953663,2.8539349360943014,2.9019332710479158,2.867373804381596
generator,B40,40,28905.59299801815,528972255.7699403,78398.29475828304,78624.31050270125,79938.26274900165,78987.15460436953,462.4642954018659,463.7975413903707,471.5484242590675,465.9379252129539,364.1146397321038,365.16435186686846,371.2668984880921,366.8495524157477,13.200314052992283,13.238369457340555,13.459606186471927,13.299463338388152,2.9579490955520633,2.966476616065662,3.016051723158565,2.980166638095671
generator,B50,50,28964.197637922938,515635387.9216145,78741.31601868682,78974.83837754116,80321.20195488245,79345.98859772658,467.8833296065211,469.27092666893765,477.27106059199633,471.47631273034574,341.6276378221606,342.6407996013609,348.4821422640582,344.2510746057693,11.825063540144786,11.860133016642255,12.062324644305917,11.915870908241498,3.1876508181868175,3.197104403368075,3.2516086608009878,3.2121295180456535
generator,B70,70,29165.88462486188,490206023.8691761,79694.50054171943,79916.81299952636,81284.01018516769,80298.65023898482,480.50812239681517,481.84852783207236,490.0918739620204,484.1507681842447,301.7319722552498,302.57367119175143,307.75002715710986,304.01934815263525,9.517591711038788,9.544141588273746,9.707420415708064,9.589742864654585,3.580675470363438,3.59066397344727,3.6520921697782467,3.6078199280954144
generator,B100,100,29341.79992877169,449369195.0350354,80764.62255746589,81001.77861445224,82393.41923752766,81386.81755243047,497.76048532045917,499.22210193283445,507.798922946773,501.59513560235916,249.28643156863038,250.0184326019906,254.3138420766722,251.20688591018595,6.842608851195847,6.862701387794961,6.980605144955025,6.895322983261346,3.7648907423813753,3.775945912518675,3.8408180648624883,3.7938947307901794
