basis,blend,pct_b,scenario,scenario_probability,idle_litres,marginal_litres,total_litres,idle_share_pct,mean_load_factor,std_load_factor,min_load_factor,max_load_factor,n_committed_unit_hours,committed_unit_hours,differing_unit_hours_vs_b0,commitment_identical_to_b0
epa,B0,0,clear,0.3335158817086528,5465.5999999999985,22479.155469339326,27944.755469339325,19.558589467697416,0.9751321011160204,0.09590620882811027,0.4244904904300362,1.000000000000001,102,101.99999999999997,0,True
epa,B0,0,expected,1.0,5465.5999999999985,22683.67471333049,28149.274713330487,19.416486057495778,0.9843710125051297,,0.4244904904300362,1.000000000000004,306,101.99999999999997,0,True
epa,B0,0,overcast,0.3335158817086528,5465.5999999999985,23020.441883588483,28486.04188358848,19.18694082644338,0.9993926499939298,0.006133934385619927,0.9380502993808426,1.000000000000004,102,101.99999999999997,0,True
epa,B0,0,partly_cloudy,0.3329682365826944,5465.5999999999985,22551.209274027035,28016.809274027033,19.50828856541805,0.9785787753427748,0.07835947492628666,0.4885261711111111,1.0000000000000004,102,101.99999999999997,0,True
epa,B10,10,clear,0.3335158817086528,5465.599999999999,22605.656154203974,28071.256154203973,19.470450378051456,0.9755963141829436,0.08870471177809772,0.45563729444444473,1.0000000000000016,102,101.99999999999999,66,False
epa,B10,10,expected,1.0,5465.599999999999,22815.318677185576,28280.918677185575,19.326104863803945,0.9847109809598769,,0.45563729444444473,1.0000000000000109,306,102.0,66,False
epa,B10,10,overcast,0.3335158817086528,5465.599999999999,23159.21139970787,28624.81139970787,19.093924929950035,0.9997625920265821,0.0023977029999397207,0.9757843867113832,1.0000000000000102,102,101.99999999999999,66,False
epa,B10,10,partly_cloudy,0.3329682365826944,5465.599999999999,22680.86770429037,28146.467704290368,19.418422437309527,0.9787642719591021,0.06970494346894127,0.6624672277777772,1.0000000000000109,102,101.99999999999999,66,False
epa,B20,20,clear,0.3335158817086528,5465.5999999999885,22734.545259731873,28200.14525973186,19.381460448732305,0.9755311799797617,0.086222354394047,0.5037994155555559,1.0000000000000002,102,101.9999999999998,60,False
epa,B20,20,expected,1.0,5465.5999999999885,22944.076461710913,28409.6764617109,19.23851546625757,0.9849127632874766,,0.5037994155555559,1.0000000000000009,306,101.9999999999998,60,False
epa,B20,20,overcast,0.3335158817086528,5465.5999999999885,23287.244153282478,28752.844153282465,19.008902113692386,0.9996676807910194,0.003356259492211852,0.9661034406839818,1.0000000000000009,102,101.9999999999998,60,False
epa,B20,20,partly_cloudy,0.3329682365826944,5465.5999999999885,22810.220175260503,28275.82017526049,19.329589614458058,0.9795305913709315,0.05929816393342211,0.7076389055555556,1.0000000000000002,102,101.9999999999998,60,False
epa,B30,30,clear,0.3335158817086528,5465.599999999999,22863.850366363014,28329.450366363013,19.292996967175835,0.9759008843800694,0.08055355462628601,0.5667484055555557,1.0000000000000104,100,100.0,80,False
epa,B30,30,expected,1.0,5465.599999999999,23073.58743802939,28539.18743802939,19.151210986185653,0.9848288212721032,,0.5667484055555557,1.0000000000000104,300,100.0,80,False
epa,B30,30,overcast,0.3335158817086528,5465.599999999999,23417.963461480034,28883.563461480033,18.922872890282683,0.9996031228237515,0.0030492013636802414,0.9715346868195923,1.0000000000000104,100,100.0,80,False
epa,B30,30,partly_cloudy,0.3329682365826944,5465.599999999999,22938.727040600734,28404.327040600732,19.242138679038412,0.9789728408811404,0.06898924997057532,0.6111111111111112,1.0000000000000104,100,100.0,80,False
epa,B35,35,clear,0.3335158817086528,5465.6,22923.83421769109,28389.434217691087,19.252232919083927,0.9752744952094408,0.09090045886992938,0.5037994155555556,1.0000000000000002,102,102.0,74,False
epa,B35,35,expected,1.0,5465.6,23134.499365603526,28600.099365603528,19.110423114729844,0.9843625198377801,,0.4885261711111111,1.0000000000000007,306,102.0,74,False
epa,B35,35,overcast,0.3335158817086528,5465.6,23477.8613671007,28943.461367100703,18.883712389053123,0.9992132394278179,0.007945892284061493,0.9197504216374278,1.0000000000000007,102,102.0,74,False
epa,B35,35,partly_cloudy,0.3329682365826944,5465.6,23001.58426061486,28467.184260614864,19.199650903169264,0.9785903467593681,0.07640250203994663,0.4885261711111111,1.0000000000000002,102,102.0,74,False
epa,B40,40,clear,0.3335158817086528,5465.6,22984.680964724437,28450.280964724436,19.211058079801774,0.975329181123126,0.08977939390794511,0.5037994155555559,1.0000000000000002,100,100.0,80,False
epa,B40,40,expected,1.0,5465.6,23198.217257923974,28663.817257923976,19.067941826516705,0.9846219339035327,,0.5037994155555559,1.0000000000000004,300,100.0,80,False
epa,B40,40,overcast,0.3335158817086528,5465.6,23543.993519857442,29009.593519857444,18.840663852317427,0.9992587962301377,0.005258338019839187,0.95,1.0000000000000002,100,100.0,80,False
epa,B40,40,partly_cloudy,0.3329682365826944,5465.6,23065.75978924146,28531.359789241462,19.15646516806029,0.9792690347034753,0.06618335540734327,0.6318200122222223,1.0000000000000004,100,100.0,80,False
epa,B50,50,clear,0.3335158817086528,5465.6,23116.070964025705,28581.670964025703,19.122744806905352,0.974962885613025,0.08999881568760203,0.4556372944444446,1.0000000000000002,100,100.0,100,False
epa,B50,50,expected,1.0,5465.6,23330.61170291067,28796.211702910674,18.980274406885076,0.9844397085743237,,0.4556372944444446,1.0000000000000013,300,100.0,100,False
epa,B50,50,overcast,0.3335158817086528,5465.6,23677.131244810153,29142.73124481015,18.754590824335775,0.9992473188752322,0.005296069121380843,0.9617354775232198,1.0000000000000013,100,100.0,100,False
epa,B50,50,partly_cloudy,0.3329682365826944,5465.6,23198.415829496458,28664.015829496457,19.06780973228347,0.9791001534923788,0.063948545955274,0.6318200122222223,1.0000000000000002,100,100.0,100,False
epa,B70,70,clear,0.3335158817086528,5465.5999999999985,23388.577252997085,28854.177252997084,18.942144674848723,0.976545023970834,0.08409281504165282,0.5037994155555559,1.000000000000006,101,100.99999999999997,59,False
epa,B70,70,expected,1.0,5465.5999999999985,23600.60446965007,29066.204469650067,18.803968731820458,0.9848995699202208,,0.5037994155555559,1.0000000000000253,303,100.99999999999997,59,False
epa,B70,70,overcast,0.3335158817086528,5465.5999999999985,23948.13036291264,29413.73036291264,18.581798134967258,0.9991700505448778,0.006177382032835865,0.9444444444444446,1.0000000000000253,101,100.99999999999997,59,False
epa,B70,70,partly_cloudy,0.3329682365826944,5465.5999999999985,23464.882933374993,28930.48293337499,18.892183765431493,0.9789739050892343,0.06802848921298119,0.6318200122222223,1.0000000000000004,101,100.99999999999997,59,False
epa,B100,100,clear,0.3335158817086528,5465.599999999999,23791.675782634138,29257.275782634137,18.68116512489569,0.9750863633319954,0.08794264914561524,0.5037994155555553,1.0000000000000004,102,101.99999999999997,80,False
epa,B100,100,expected,1.0,5465.599999999999,24014.0430756225,29479.643075622498,18.540251610168408,0.9845921297981848,,0.4885261711111101,1.0000000000000084,306,101.99999999999997,80,False
epa,B100,100,overcast,0.3335158817086528,5465.599999999999,24374.426824134545,29840.026824134544,18.316337422255383,0.9997840277260862,0.0021812130469407846,0.9779708280608016,1.0000000000000084,102,101.99999999999997,80,False
epa,B100,100,partly_cloudy,0.3329682365826944,5465.599999999999,23875.79961934959,29341.399619349588,18.62760492309861,0.9788966461465685,0.07391990286649533,0.4885261711111101,1.0000000000000024,102,101.99999999999997,80,False
generator,B0,0,clear,0.3335158817086528,5465.5999999999985,22479.155469339326,27944.755469339325,19.558589467697416,0.9751321011160204,0.09590620882811027,0.4244904904300362,1.000000000000001,102,101.99999999999997,0,True
generator,B0,0,expected,1.0,5465.5999999999985,22683.67471333049,28149.274713330487,19.416486057495778,0.9843710125051297,,0.4244904904300362,1.000000000000004,306,101.99999999999997,0,True
generator,B0,0,overcast,0.3335158817086528,5465.5999999999985,23020.441883588483,28486.04188358848,19.18694082644338,0.9993926499939298,0.006133934385619927,0.9380502993808426,1.000000000000004,102,101.99999999999997,0,True
generator,B0,0,partly_cloudy,0.3329682365826944,5465.5999999999985,22551.209274027035,28016.809274027033,19.50828856541805,0.9785787753427748,0.07835947492628666,0.4885261711111111,1.0000000000000004,102,101.99999999999997,0,True
generator,B10,10,clear,0.3335158817086528,5465.6,22594.312924989834,28059.912924989832,19.4783213141492,0.975193213246866,0.083075946737116,0.5037994155555559,1.0000000000000002,102,102.0,72,False
generator,B10,10,expected,1.0,5465.6,22805.482071531675,28271.082071531673,19.33282916504895,0.9845077916769143,,0.5037994155555559,1.0000000000000002,306,102.0,72,False
generator,B10,10,overcast,0.3335158817086528,5465.6,23149.778990614715,28615.378990614714,19.100218808189158,0.9994639899794946,0.005413435849101013,0.9453269779084975,1.0000000000000002,102,102.0,72,False
generator,B10,10,partly_cloudy,0.3329682365826944,5465.6,22672.135338838267,28137.73533883827,19.42444882000109,0.9788568928243283,0.06570307648737043,0.6318200122222223,1.0000000000000002,102,102.0,72,False
generator,B20,20,clear,0.3335158817086528,5465.6,22723.023730916222,28188.623730916224,19.389382227999782,0.9751406372746005,0.0868075115204546,0.5037994155555559,1.0000000000000002,102,102.0,70,False
generator,B20,20,expected,1.0,5465.6,22931.862197340834,28397.462197340836,19.246790301253764,0.9843693469618031,,0.5037994155555559,1.0000000000000002,306,102.0,70,False
generator,B20,20,overcast,0.3335158817086528,5465.6,23277.30481106083,28742.904811060827,19.015475422291804,0.9994518595879116,0.005535946798803228,0.9440896779669771,1.0000000000000002,102,102.0,70,False
generator,B20,20,partly_cloudy,0.3329682365826944,5465.6,22795.033372171605,28260.633372171607,19.33997702040891,0.978505916057537,0.06784845652891466,0.6318200122222223,1.0000000000000002,102,102.0,70,False
generator,B30,30,clear,0.3335158817086528,5465.599999999998,23156.059224682616,28621.659224682615,19.09602779173123,0.9753408034005017,0.08897891392949817,0.4556372944444446,1.0000000000001337,100,99.99999999999993,76,False
generator,B30,30,expected,1.0,5465.599999999998,23370.97109545246,28836.57109545246,18.9537097940952,0.9844919262873484,,0.4556372944444446,1.0000000000001337,300,99.99999999999993,76,False
generator,B30,30,overcast,0.3335158817086528,5465.599999999998,23718.090078052104,29183.690078052103,18.72826906187048,0.9991225725391482,0.007283891506656386,0.9289252666667178,1.0000000000001337,100,99.99999999999993,76,False
generator,B30,30,partly_cloudy,0.3329682365826944,5465.599999999998,23238.54653771504,28704.146537715038,19.041151398870614,0.9790033905484395,0.06593985115453822,0.6318200122222223,1.0000000000001337,100,99.99999999999993,76,False
generator,B35,35,clear,0.3335158817086528,5465.6,23197.35205332695,28662.952053326953,19.068517401247927,0.9747848976592643,0.10197258107533248,0.41039315111111135,1.0000000000000002,101,101.0,81,False
generator,B35,35,expected,1.0,5465.6,23410.26912770993,28875.869127709928,18.92791512465711,0.9841713135601271,,0.41039315111111135,1.0000000000000004,303,101.0,81,False
generator,B35,35,overcast,0.3335158817086528,5465.6,23758.30001055303,29223.90001055303,18.702500343986667,0.9995445077252859,0.00457764070725864,0.9539952802538708,1.0000000000000002,101,101.0,81,False
generator,B35,35,partly_cloudy,0.3329682365826944,5465.6,23274.933092591153,28740.533092591155,19.01704461219247,0.9781746886210538,0.07647593738311512,0.4885261711111111,1.0000000000000004,101,101.0,81,False
generator,B40,40,clear,0.3335158817086528,5471.200000000001,23218.897920000614,28690.097920000615,19.069994167520374,0.9745346713942576,0.08621506627375422,0.5100735650000001,1.0000000000000018,100,100.00000000000003,98,False
generator,B40,40,expected,1.0,5471.200000000001,23434.39299801815,28905.59299801815,18.927824799771873,0.9836269133035636,,0.5100735650000001,1.0000000000000115,300,100.00000000000003,98,False
generator,B40,40,overcast,0.3335158817086528,5471.200000000001,23782.45395886096,29253.65395886096,18.70262090231217,0.9982229184159164,0.010166855463261409,0.9241510222222223,1.0000000000000053,100,100.00000000000003,98,False
generator,B40,40,partly_cloudy,0.3329682365826944,5471.200000000001,23301.60907920138,28772.80907920138,19.015175004080138,0.9781140978584062,0.06699988459306655,0.6318200122222223,1.0000000000000115,100,100.00000000000003,98,False
generator,B50,50,clear,0.3335158817086528,5465.60000000003,23277.869956598865,28743.469956598896,19.01510154568253,0.9754190273628307,0.08758730590758744,0.5037994155555559,1.000000000000066,101,101.00000000000051,81,False
generator,B50,50,expected,1.0,5465.60000000003,23498.597637922903,28964.197637922935,18.870193016649974,0.984771109027958,,0.5037994155555559,1.0000000000000946,303,101.00000000000051,81,False
generator,B50,50,overcast,0.3335158817086528,5465.60000000003,23854.5863011811,29320.186301181133,18.641082099058334,0.9995246429312935,0.004777279416111245,0.9519889360607401,1.0000000000000946,101,101.00000000000051,81,False
generator,B50,50,partly_cloudy,0.3329682365826944,5465.60000000003,23363.114187268457,28828.714187268488,18.958875392416154,0.9793607728222522,0.06465744407858055,0.6318200122222223,1.000000000000066,101,101.00000000000051,81,False
generator,B70,70,clear,0.3335158817086528,5465.599999999862,23480.846809728817,28946.44680972868,18.881764784211498,0.9750777938364376,0.09061051521423073,0.4556372944444446,1.000000000000004,102,101.99999999999754,88,False
generator,B70,70,expected,1.0,5465.599999999862,23700.28462486201,29165.884624861872,18.739702465053373,0.9843061773832134,,0.4556372944444446,1.000000000000053,306,101.99999999999753,88,False
generator,B70,70,overcast,0.3335158817086528,5465.599999999862,24058.1847193069,29523.784719306765,18.512531682381805,0.9994731700391847,0.004481908699520233,0.9556197611111151,1.000000000000004,102,101.99999999999754,88,False
generator,B70,70,partly_cloudy,0.3329682365826944,5465.599999999862,23561.594611538294,29027.194611538158,18.82923952226274,0.9783578008248248,0.06971046063931376,0.6318200122222234,1.000000000000053,102,101.99999999999754,88,False
generator,B100,100,clear,0.3335158817086528,5465.600000000002,23651.88447317382,29117.484473173823,18.770852286486164,0.9749349735364423,0.08521537461938299,0.5037994155555556,1.0000000000000002,102,102.00000000000006,74,False
generator,B100,100,expected,1.0,5465.600000000002,23876.199928771686,29341.79992877169,18.627350787163532,0.9844639942242772,,0.5037994155555556,1.000000000000116,306,102.00000000000006,74,False
generator,B100,100,overcast,0.3335158817086528,5465.600000000002,24239.102744489468,29704.70274448947,18.39978015270302,0.9995820033559456,0.004221559170857855,0.9573643423063345,1.000000000000116,102,102.00000000000006,74,False
generator,B100,100,partly_cloudy,0.3329682365826944,5465.600000000002,23737.38462891473,29202.98462891473,18.715895205411133,0.9788658133652399,0.0625333171524199,0.6864103858031654,1.0000000000001021,102,102.00000000000006,74,False
