basis,blend,pct_b,cost_clear_rp,cost_partly_cloudy_rp,cost_overcast_rp,cost_mean_rp,cost_std_rp,expected_cost_rp,expected_cost_rp_per_kwh,expected_fuel_l_per_day,expected_idle_l_per_day,expected_marginal_l_per_day,expected_committed_genset_hours,solver_termination,achieved_mip_gap,wall_clock_s
epa,B0,0,566999088.4728951,568461060.1700084,577981789.8180103,571147312.8203046,5963798.888704773,571148783.9334756,5574.902722630313,28149.274713330487,5465.5999999999985,22683.67471333049,101.99999999999997,optimal,0.00041393285798005906,217.96848344802856
epa,B10,10,555600151.7026246,557088775.6897668,566556389.3512164,559748438.9145359,5942654.474643264,559749895.4661376,5463.639780050148,28280.918677185575,5465.599999999999,22815.318677185576,102.0,optimal,0.0004999665952520009,60.88995862007141
epa,B20,20,544121464.6590987,545581611.0287222,554785781.5899513,548162952.4259241,5781816.882010202,548164366.0849587,5350.555061834638,28409.6764617109,5465.5999999999885,22944.076461710913,101.9999999999998,optimal,0.0004987843282276828,33.711923122406006
epa,B30,30,532522662.28638923,533930155.97769797,542938598.8058537,536463805.6899803,5651324.538795291,536465193.2308962,5236.361085709089,28539.18743802939,5465.599999999999,23073.58743802939,100.0,optimal,0.0004768950081269219,97.09501791000366
epa,B35,35,526588461.9999292,528030627.91886306,536864971.7354411,530494687.21807784,5563753.612315396,530496036.64814305,5178.096990221015,28600.099365603528,5465.6,23134.499365603526,102.00000000000001,optimal,0.00028458074811515716,195.9130458831787
epa,B40,40,520639856.0240239,522123597.5051196,530875268.83238566,524546240.78717643,5531077.579772782,524547567.5359618,5120.0348222153425,28663.817257923976,5465.6,23198.217257923974,100.0,optimal,0.00023492660752344555,226.94173073768616
epa,B50,50,508825294.9274656,510291239.7426486,518813572.94479007,512643369.20496815,5393589.638958015,512644657.33720386,5003.852194604235,28796.211702910667,5465.6,23330.61170291067,100.0,optimal,0.00020049271549898867,240.06193661689758
epa,B70,70,484966612.75351125,486249120.56968534,494371302.3320215,488529011.8850727,5100046.551210949,488530260.4564393,4768.474967852018,29066.204469650067,5465.5999999999985,23600.604469650065,100.99999999999997,optimal,0.00038811955619626523,43.29466247558594
epa,B100,100,448075464.3397342,449363821.90932554,457000303.53892434,451479863.2626613,4824045.18424327,451481022.1023949,4406.842577866226,29479.643075622495,5465.599999999999,24014.043075622496,101.99999999999997,optimal,0.0004999906476829707,105.77165150642395
generator,B0,0,566999088.4728951,568461060.1700084,577981789.8180103,571147312.8203046,5963798.888704773,571148783.9334756,5574.902722630313,28149.274713330487,5465.5999999999985,22683.67471333049,101.99999999999997,optimal,0.00041393285798005906,216.7289092540741
generator,B10,10,555376000.3263253,556916301.050903,566370066.7019414,559554122.6930566,5952810.355598719,559555567.2832221,5461.742970065613,28271.082071531673,5465.6,22805.482071531675,102.00000000000001,optimal,0.00026660842932940503,315.0916836261749
generator,B20,20,543899218.7302512,545288643.8831253,554594065.4353447,547927309.3495737,5815225.971037838,547928754.4018555,5348.255289427579,28397.462197340836,5465.6,22931.862197340834,102.00000000000001,optimal,0.0002650879633478822,228.34768509864807
generator,B30,30,538015641.656225,539566196.9314309,548580416.6802101,542054085.0892887,5704893.376861803,542055447.5691123,5290.926769830281,28836.57109545246,5465.599999999998,23370.97109545246,99.99999999999993,optimal,0.0001959508333239419,256.5561065673828
generator,B35,35,531661686.62863195,533100717.11040306,542066564.1192076,535609655.9527475,5637947.275776949,535611029.96087587,5228.023718505377,28875.86912770993,5465.6,23410.26912770993,101.0,optimal,0.0004999752217316675,32.279722452163696
generator,B40,40,525028696.72586673,526542310.6000799,535341769.926124,528970925.75069016,5568976.420384314,528972255.7699403,5163.223579989656,28905.59299801815,5471.200000000001,23434.39299801815,100.00000000000003,optimal,0.0004044961072670111,343.18106412887573
generator,B50,50,511705880.9375591,513223442.2953248,521972880.0301103,515634067.7543314,5541764.513160024,515635387.9216145,5033.0442940128305,28964.197637922938,5465.60000000003,23498.597637922903,101.00000000000051,optimal,0.0002780535662422113,85.49110221862793
generator,B70,70,486517818.92077714,487874989.0239578,496221436.0193694,490204747.9880348,5254605.486813065,490206023.8691761,4784.831858166677,29165.88462486188,5465.599999999862,23700.28462486201,101.99999999999754,optimal,0.00025611997766957525,422.91341495513916
generator,B100,100,445933808.25638777,447243241.4553699,454927044.500771,449368031.40417624,4858561.904692918,449369195.0350354,4386.229331723137,29341.79992877169,5465.600000000002,23876.199928771686,102.00000000000006,optimal,0.0004761317313998583,18.779091835021973
