basis,blend,pct_b,oa_scenario,oa_rp,price_rp_per_l,expected_cost_rp
epa,B0,0,low,307,20346.0,572725143.3174222
epa,B0,0,mean,391,20290.0,571148783.9334756
epa,B0,0,high,500,20217.3,569102331.6618165
epa,B10,10,low,307,19834.5,560937881.5026373
epa,B10,10,mean,391,19792.5,559750082.9181955
epa,B10,10,high,500,19738.0,558208772.8502889
epa,B20,20,low,307,19323.0,548960178.2696397
epa,B20,20,mean,391,19295.0,548164707.3287119
epa,B20,20,high,500,19258.7,547133436.0731517
epa,B30,30,low,307,18811.5,536864924.49048984
epa,B30,30,mean,391,18797.5,536465375.86635745
epa,B30,30,high,500,18779.3,535945962.65498525
epa,B35,35,low,307,18555.8,530697723.8082659
epa,B35,35,mean,391,18548.8,530497523.1127067
epa,B35,35,high,500,18539.7,530237262.20847976
epa,B40,40,low,307,18300.0,524547855.82000875
epa,B40,40,mean,391,18300.0,524547855.82000875
epa,B40,40,high,500,18300.0,524547855.82000875
epa,B50,50,low,307,17788.5,512241411.87722653
epa,B50,50,mean,391,17802.5,512644558.84106725
epa,B50,50,high,500,17820.7,513168649.89406025
epa,B70,70,low,307,16765.5,487309451.0359182
epa,B70,70,mean,391,16807.5,488530231.6236435
epa,B70,70,high,500,16862.0,490114339.76723945
epa,B100,100,low,307,15231.0,449004443.6848063
epa,B100,100,mean,391,15315.0,451480733.70315856
epa,B100,100,high,500,15424.0,454694014.7984014
generator,B0,0,low,307,20346.0,572725143.3174222
generator,B0,0,mean,391,20290.0,571148783.9334756
generator,B0,0,high,500,20217.3,569102331.6618165
generator,B10,10,low,307,19834.5,560742777.347795
generator,B10,10,mean,391,19792.5,559555391.9007907
generator,B10,10,high,500,19738.0,558014617.9278922
generator,B20,20,low,307,19323.0,548724162.039217
generator,B20,20,mean,391,19295.0,547929033.0976914
generator,B20,20,high,500,19258.7,546898205.219928
generator,B30,30,low,307,18811.5,542459157.1621039
generator,B30,30,mean,391,18797.5,542055445.1667676
generator,B30,30,high,500,18779.3,541530619.5728303
generator,B35,35,low,307,18555.8,535814852.35995984
generator,B35,35,mean,391,18548.8,535612721.2760659
generator,B35,35,high,500,18539.7,535349950.8670038
generator,B40,40,low,307,18300.0,528972351.86373216
generator,B40,40,mean,391,18300.0,528972351.86373216
generator,B40,40,high,500,18300.0,528972351.86373216
generator,B50,50,low,307,17788.5,515229629.68219215
generator,B50,50,mean,391,17802.5,515635128.449123
generator,B50,50,high,500,17820.7,516162276.84613323
generator,B70,70,low,307,16765.5,488980638.6781217
generator,B70,70,mean,391,16807.5,490205605.83236593
generator,B70,70,high,500,16862.0,491795146.5444209
generator,B100,100,low,307,15231.0,446904954.71512157
generator,B100,100,mean,391,15315.0,449369665.9091384
generator,B100,100,high,500,15424.0,452567922.1013745
