basis,blend,pct_b,rp_expected_cost_rp,ws_expected_cost_rp,ws_expected_unserved_kwh,evpi_rp_minus_ws_rp,eev_expected_cost_rp,eev_expected_unserved_kwh,eev_unserved_pct_of_daily_demand,eev_unserved_clear_kwh,eev_unserved_partly_cloudy_kwh,eev_unserved_overcast_kwh
epa,B0,0,571148783.9334757,569604919.955477,0.0,1543863.9779987335,567519577.2810096,416.8340646348917,0.4068658512785668,0.0,0.0,1249.8177373124995
epa,B10,10,559749895.4661376,558240203.1193254,0.0,1509692.3468122482,556095355.4868689,425.5676123851932,0.4153905440558255,0.0,0.0,1276.0040397625003
epa,B20,20,548164366.0849587,546669429.2859756,0.0,1494936.798983097,544717655.5661104,422.3575220237473,0.41225722013054883,0.0,0.0,1266.3790397625
epa,B30,30,536465193.2308961,535025644.4601606,0.0,1439548.7707355022,533083410.06149995,425.72912737550917,0.41554819655979425,0.0,0.0,1276.4883195199995
epa,B35,35,530496036.64814305,529137306.05553573,0.0,1358730.5926073194,527363360.9175004,392.21602421432794,0.38283652924775785,0.0,0.0,1176.0040397625005
epa,B40,40,524547567.53596175,523322794.6745886,0.0,1224772.8613731265,521257347.307726,414.9262693477983,0.40500367920722136,0.0,0.0,1244.0974841199995
epa,B50,50,512644657.3372038,511481367.328183,0.0,1163290.0090208054,509704544.6755532,379.37566276854466,0.3703032335466517,0.0,0.0,1137.5040397625
epa,B70,70,488530260.4564393,487263529.26903516,0.0,1266731.1874041557,485414751.20524055,415.9373413008558,0.40599057227999585,0.0,0.0,1247.1290397625003
epa,B100,100,451481022.1023948,450306322.06323934,0.0,1174700.0391554832,448734701.10648155,389.00593385288204,0.3797032053224812,0.0,0.0,1166.3790397625
generator,B0,0,571148783.9334757,569604919.955477,0.0,1543863.9779987335,567519577.2810096,416.8340646348917,0.4068658512785668,0.0,0.0,1249.8177373124995
generator,B10,10,559555567.2832221,558123192.9090884,0.0,1432374.374133706,556080585.64216,425.5676123851931,0.41539054405582543,0.0,0.0,1276.0040397625
generator,B20,20,547928754.4018555,546533261.0725927,0.0,1395493.3292627335,544553626.2341101,425.56761238519323,0.4153905440558255,0.0,0.0,1276.0040397625005
generator,B30,30,542055447.5691123,540819651.7242585,0.0,1235795.8448537588,538770249.7538153,425.5676123851932,0.4153905440558255,0.0,0.0,1276.0040397625003
generator,B35,35,535611029.9608759,534217372.5969282,0.0,1393657.3639477491,532352934.159273,385.95735848175235,0.37672753390117364,0.0,0.0,1157.2383195199995
generator,B40,40,528972255.76994026,527609997.6121836,0.0,1362258.1577566862,525845239.5914666,392.21602421432783,0.3828365292477578,0.0,0.0,1176.0040397625
generator,B50,50,515635387.9216145,514409519.3547816,0.0,1225868.5668329,512384193.4764007,414.9262693477983,0.40500367920722136,0.0,0.0,1244.0974841199995
generator,B70,70,490206023.86917615,489093990.7235337,0.0,1112033.1456424594,487356283.25472355,392.21602421432766,0.3828365292477576,0.0,0.0,1176.0040397624996
generator,B100,100,449369195.0350354,448301015.29193425,0.0,1068179.74310112,446541881.5494927,419.30894665261764,0.40928154870924127,0.0,0.0,1257.2383195199995
