ongkos_angkut_scenario,ongkos_angkut_rp,a1_b40_price_rp,a2_b100_index_rp,genset_group,p_rated_kw,n_units,blend,pct_b,price_rp_per_l,bsfc_basis,a_i_idle_rp_per_hr,b_i_marginal_rp_per_kwh
a1lo_a2lo,391,15555.0,12685.4,mitsubishi,1100,3,B0,0,17207.4,epa,1059975.84,4060.95
a1lo_a2lo,391,15555.0,12685.4,mitsubishi,1100,3,B0,0,17207.4,generator,1059975.84,4060.95
a1lo_a2lo,391,15555.0,12685.4,mitsubishi,1100,3,B10,10,16794.3,epa,1034528.88,3985.96
a1lo_a2lo,391,15555.0,12685.4,mitsubishi,1100,3,B10,10,16794.3,generator,1034528.88,3985.46
a1lo_a2lo,391,15555.0,12685.4,mitsubishi,1100,3,B20,20,16381.2,epa,1009081.92,3910.03
a1lo_a2lo,391,15555.0,12685.4,mitsubishi,1100,3,B20,20,16381.2,generator,1009081.92,3908.88
a1lo_a2lo,391,15555.0,12685.4,mitsubishi,1100,3,B30,30,15968.1,epa,983634.96,3832.98
a1lo_a2lo,391,15555.0,12685.4,mitsubishi,1100,3,B30,30,15968.1,generator,983634.96,3883.6
a1lo_a2lo,391,15555.0,12685.4,mitsubishi,1100,3,B35,35,15761.5,epa,970911.48,3794.28
a1lo_a2lo,391,15555.0,12685.4,mitsubishi,1100,3,B35,35,15761.5,generator,970911.48,3838.57
a1lo_a2lo,391,15555.0,12685.4,mitsubishi,1100,3,B40,40,15555.0,epa,958188.0,3755.13
a1lo_a2lo,391,15555.0,12685.4,mitsubishi,1100,3,B40,40,15555.0,generator,958188.0,3793.4
a1lo_a2lo,391,15555.0,12685.4,mitsubishi,1100,3,B50,50,15141.9,epa,932741.04,3676.3
a1lo_a2lo,391,15555.0,12685.4,mitsubishi,1100,3,B50,50,15141.9,generator,932741.04,3702.5
a1lo_a2lo,391,15555.0,12685.4,mitsubishi,1100,3,B70,70,14315.7,epa,881847.12,3515.36
a1lo_a2lo,391,15555.0,12685.4,mitsubishi,1100,3,B70,70,14315.7,generator,881847.12,3530.54
a1lo_a2lo,391,15555.0,12685.4,mitsubishi,1100,3,B100,100,13076.4,epa,805506.24,3266.48
a1lo_a2lo,391,15555.0,12685.4,mitsubishi,1100,3,B100,100,13076.4,generator,805506.24,3248.96
a1lo_a2lo,391,15555.0,12685.4,cummins,1000,3,B0,0,17207.4,epa,963614.4,4060.95
a1lo_a2lo,391,15555.0,12685.4,cummins,1000,3,B0,0,17207.4,generator,963614.4,4060.95
a1lo_a2lo,391,15555.0,12685.4,cummins,1000,3,B10,10,16794.3,epa,940480.8,3985.96
a1lo_a2lo,391,15555.0,12685.4,cummins,1000,3,B10,10,16794.3,generator,940480.8,3985.46
a1lo_a2lo,391,15555.0,12685.4,cummins,1000,3,B20,20,16381.2,epa,917347.2,3910.03
a1lo_a2lo,391,15555.0,12685.4,cummins,1000,3,B20,20,16381.2,generator,917347.2,3908.88
a1lo_a2lo,391,15555.0,12685.4,cummins,1000,3,B30,30,15968.1,epa,894213.6,3832.98
a1lo_a2lo,391,15555.0,12685.4,cummins,1000,3,B30,30,15968.1,generator,894213.6,3883.6
a1lo_a2lo,391,15555.0,12685.4,cummins,1000,3,B35,35,15761.5,epa,882646.8,3794.28
a1lo_a2lo,391,15555.0,12685.4,cummins,1000,3,B35,35,15761.5,generator,882646.8,3838.57
a1lo_a2lo,391,15555.0,12685.4,cummins,1000,3,B40,40,15555.0,epa,871080.0,3755.13
a1lo_a2lo,391,15555.0,12685.4,cummins,1000,3,B40,40,15555.0,generator,871080.0,3793.4
a1lo_a2lo,391,15555.0,12685.4,cummins,1000,3,B50,50,15141.9,epa,847946.4,3676.3
a1lo_a2lo,391,15555.0,12685.4,cummins,1000,3,B50,50,15141.9,generator,847946.4,3702.5
a1lo_a2lo,391,15555.0,12685.4,cummins,1000,3,B70,70,14315.7,epa,801679.2,3515.36
a1lo_a2lo,391,15555.0,12685.4,cummins,1000,3,B70,70,14315.7,generator,801679.2,3530.54
a1lo_a2lo,391,15555.0,12685.4,cummins,1000,3,B100,100,13076.4,epa,732278.4,3266.48
a1lo_a2lo,391,15555.0,12685.4,cummins,1000,3,B100,100,13076.4,generator,732278.4,3248.96
a1lo_a2lo,391,15555.0,12685.4,deutz,900,5,B0,0,17207.4,epa,867252.96,4060.95
a1lo_a2lo,391,15555.0,12685.4,deutz,900,5,B0,0,17207.4,generator,867252.96,4060.95
a1lo_a2lo,391,15555.0,12685.4,deutz,900,5,B10,10,16794.3,epa,846432.72,3985.96
a1lo_a2lo,391,15555.0,12685.4,deutz,900,5,B10,10,16794.3,generator,846432.72,3985.46
a1lo_a2lo,391,15555.0,12685.4,deutz,900,5,B20,20,16381.2,epa,825612.48,3910.03
a1lo_a2lo,391,15555.0,12685.4,deutz,900,5,B20,20,16381.2,generator,825612.48,3908.88
a1lo_a2lo,391,15555.0,12685.4,deutz,900,5,B30,30,15968.1,epa,804792.24,3832.98
a1lo_a2lo,391,15555.0,12685.4,deutz,900,5,B30,30,15968.1,generator,804792.24,3883.6
a1lo_a2lo,391,15555.0,12685.4,deutz,900,5,B35,35,15761.5,epa,794382.12,3794.28
a1lo_a2lo,391,15555.0,12685.4,deutz,900,5,B35,35,15761.5,generator,794382.12,3838.57
a1lo_a2lo,391,15555.0,12685.4,deutz,900,5,B40,40,15555.0,epa,783972.0,3755.13
a1lo_a2lo,391,15555.0,12685.4,deutz,900,5,B40,40,15555.0,generator,783972.0,3793.4
a1lo_a2lo,391,15555.0,12685.4,deutz,900,5,B50,50,15141.9,epa,763151.76,3676.3
a1lo_a2lo,391,15555.0,12685.4,deutz,900,5,B50,50,15141.9,generator,763151.76,3702.5
a1lo_a2lo,391,15555.0,12685.4,deutz,900,5,B70,70,14315.7,epa,721511.28,3515.36
a1lo_a2lo,391,15555.0,12685.4,deutz,900,5,B70,70,14315.7,generator,721511.28,3530.54
a1lo_a2lo,391,15555.0,12685.4,deutz,900,5,B100,100,13076.4,epa,659050.56,3266.48
a1lo_a2lo,391,15555.0,12685.4,deutz,900,5,B100,100,13076.4,generator,659050.56,3248.96
a1lo_a2base,391,15555.0,14924.0,mitsubishi,1100,3,B0,0,15715.0,epa,968044.0,3708.74
a1lo_a2base,391,15555.0,14924.0,mitsubishi,1100,3,B0,0,15715.0,generator,968044.0,3708.74
a1lo_a2base,391,15555.0,14924.0,mitsubishi,1100,3,B10,10,15675.0,epa,965580.0,3720.3
a1lo_a2base,391,15555.0,14924.0,mitsubishi,1100,3,B10,10,15675.0,generator,965580.0,3719.83
a1lo_a2base,391,15555.0,14924.0,mitsubishi,1100,3,B20,20,15635.0,epa,963116.0,3731.92
a1lo_a2base,391,15555.0,14924.0,mitsubishi,1100,3,B20,20,15635.0,generator,963116.0,3730.82
a1lo_a2base,391,15555.0,14924.0,mitsubishi,1100,3,B30,30,15595.0,epa,960652.0,3743.42
a1lo_a2base,391,15555.0,14924.0,mitsubishi,1100,3,B30,30,15595.0,generator,960652.0,3792.86
a1lo_a2base,391,15555.0,14924.0,mitsubishi,1100,3,B35,35,15575.0,epa,959420.0,3749.37
a1lo_a2base,391,15555.0,14924.0,mitsubishi,1100,3,B35,35,15575.0,generator,959420.0,3793.14
a1lo_a2base,391,15555.0,14924.0,mitsubishi,1100,3,B40,40,15555.0,epa,958188.0,3755.13
a1lo_a2base,391,15555.0,14924.0,mitsubishi,1100,3,B40,40,15555.0,generator,958188.0,3793.4
a1lo_a2base,391,15555.0,14924.0,mitsubishi,1100,3,B50,50,15515.0,epa,955724.0,3766.89
a1lo_a2base,391,15555.0,14924.0,mitsubishi,1100,3,B50,50,15515.0,generator,955724.0,3793.73
a1lo_a2base,391,15555.0,14924.0,mitsubishi,1100,3,B70,70,15435.0,epa,950796.0,3790.22
a1lo_a2base,391,15555.0,14924.0,mitsubishi,1100,3,B70,70,15435.0,generator,950796.0,3806.58
a1lo_a2base,391,15555.0,14924.0,mitsubishi,1100,3,B100,100,15315.0,epa,943404.0,3825.69
a1lo_a2base,391,15555.0,14924.0,mitsubishi,1100,3,B100,100,15315.0,generator,943404.0,3805.16
a1lo_a2base,391,15555.0,14924.0,cummins,1000,3,B0,0,15715.0,epa,880040.0,3708.74
a1lo_a2base,391,15555.0,14924.0,cummins,1000,3,B0,0,15715.0,generator,880040.0,3708.74
a1lo_a2base,391,15555.0,14924.0,cummins,1000,3,B10,10,15675.0,epa,877800.0,3720.3
a1lo_a2base,391,15555.0,14924.0,cummins,1000,3,B10,10,15675.0,generator,877800.0,3719.83
a1lo_a2base,391,15555.0,14924.0,cummins,1000,3,B20,20,15635.0,epa,875560.0,3731.92
a1lo_a2base,391,15555.0,14924.0,cummins,1000,3,B20,20,15635.0,generator,875560.0,3730.82
a1lo_a2base,391,15555.0,14924.0,cummins,1000,3,B30,30,15595.0,epa,873320.0,3743.42
a1lo_a2base,391,15555.0,14924.0,cummins,1000,3,B30,30,15595.0,generator,873320.0,3792.86
a1lo_a2base,391,15555.0,14924.0,cummins,1000,3,B35,35,15575.0,epa,872200.0,3749.37
a1lo_a2base,391,15555.0,14924.0,cummins,1000,3,B35,35,15575.0,generator,872200.0,3793.14
a1lo_a2base,391,15555.0,14924.0,cummins,1000,3,B40,40,15555.0,epa,871080.0,3755.13
a1lo_a2base,391,15555.0,14924.0,cummins,1000,3,B40,40,15555.0,generator,871080.0,3793.4
a1lo_a2base,391,15555.0,14924.0,cummins,1000,3,B50,50,15515.0,epa,868840.0,3766.89
a1lo_a2base,391,15555.0,14924.0,cummins,1000,3,B50,50,15515.0,generator,868840.0,3793.73
a1lo_a2base,391,15555.0,14924.0,cummins,1000,3,B70,70,15435.0,epa,864360.0,3790.22
a1lo_a2base,391,15555.0,14924.0,cummins,1000,3,B70,70,15435.0,generator,864360.0,3806.58
a1lo_a2base,391,15555.0,14924.0,cummins,1000,3,B100,100,15315.0,epa,857640.0,3825.69
a1lo_a2base,391,15555.0,14924.0,cummins,1000,3,B100,100,15315.0,generator,857640.0,3805.16
a1lo_a2base,391,15555.0,14924.0,deutz,900,5,B0,0,15715.0,epa,792036.0,3708.74
a1lo_a2base,391,15555.0,14924.0,deutz,900,5,B0,0,15715.0,generator,792036.0,3708.74
a1lo_a2base,391,15555.0,14924.0,deutz,900,5,B10,10,15675.0,epa,790020.0,3720.3
a1lo_a2base,391,15555.0,14924.0,deutz,900,5,B10,10,15675.0,generator,790020.0,3719.83
a1lo_a2base,391,15555.0,14924.0,deutz,900,5,B20,20,15635.0,epa,788004.0,3731.92
a1lo_a2base,391,15555.0,14924.0,deutz,900,5,B20,20,15635.0,generator,788004.0,3730.82
a1lo_a2base,391,15555.0,14924.0,deutz,900,5,B30,30,15595.0,epa,785988.0,3743.42
a1lo_a2base,391,15555.0,14924.0,deutz,900,5,B30,30,15595.0,generator,785988.0,3792.86
a1lo_a2base,391,15555.0,14924.0,deutz,900,5,B35,35,15575.0,epa,784980.0,3749.37
a1lo_a2base,391,15555.0,14924.0,deutz,900,5,B35,35,15575.0,generator,784980.0,3793.14
a1lo_a2base,391,15555.0,14924.0,deutz,900,5,B40,40,15555.0,epa,783972.0,3755.13
a1lo_a2base,391,15555.0,14924.0,deutz,900,5,B40,40,15555.0,generator,783972.0,3793.4
a1lo_a2base,391,15555.0,14924.0,deutz,900,5,B50,50,15515.0,epa,781956.0,3766.89
a1lo_a2base,391,15555.0,14924.0,deutz,900,5,B50,50,15515.0,generator,781956.0,3793.73
a1lo_a2base,391,15555.0,14924.0,deutz,900,5,B70,70,15435.0,epa,777924.0,3790.22
a1lo_a2base,391,15555.0,14924.0,deutz,900,5,B70,70,15435.0,generator,777924.0,3806.58
a1lo_a2base,391,15555.0,14924.0,deutz,900,5,B100,100,15315.0,epa,771876.0,3825.69
a1lo_a2base,391,15555.0,14924.0,deutz,900,5,B100,100,15315.0,generator,771876.0,3805.16
a1lo_a2hi,391,15555.0,17162.6,mitsubishi,1100,3,B0,0,14222.6,epa,876112.16,3356.53
a1lo_a2hi,391,15555.0,17162.6,mitsubishi,1100,3,B0,0,14222.6,generator,876112.16,3356.53
a1lo_a2hi,391,15555.0,17162.6,mitsubishi,1100,3,B10,10,14555.7,epa,896631.12,3454.65
a1lo_a2hi,391,15555.0,17162.6,mitsubishi,1100,3,B10,10,14555.7,generator,896631.12,3454.21
a1lo_a2hi,391,15555.0,17162.6,mitsubishi,1100,3,B20,20,14888.8,epa,917150.08,3553.81
a1lo_a2hi,391,15555.0,17162.6,mitsubishi,1100,3,B20,20,14888.8,generator,917150.08,3552.77
a1lo_a2hi,391,15555.0,17162.6,mitsubishi,1100,3,B30,30,15221.9,epa,937669.04,3653.86
a1lo_a2hi,391,15555.0,17162.6,mitsubishi,1100,3,B30,30,15221.9,generator,937669.04,3702.12
a1lo_a2hi,391,15555.0,17162.6,mitsubishi,1100,3,B35,35,15388.5,epa,947928.52,3704.46
a1lo_a2hi,391,15555.0,17162.6,mitsubishi,1100,3,B35,35,15388.5,generator,947928.52,3747.7
a1lo_a2hi,391,15555.0,17162.6,mitsubishi,1100,3,B40,40,15555.0,epa,958188.0,3755.13
a1lo_a2hi,391,15555.0,17162.6,mitsubishi,1100,3,B40,40,15555.0,generator,958188.0,3793.4
a1lo_a2hi,391,15555.0,17162.6,mitsubishi,1100,3,B50,50,15888.1,epa,978706.96,3857.47
a1lo_a2hi,391,15555.0,17162.6,mitsubishi,1100,3,B50,50,15888.1,generator,978706.96,3884.96
a1lo_a2hi,391,15555.0,17162.6,mitsubishi,1100,3,B70,70,16554.3,epa,1019744.88,4065.07
a1lo_a2hi,391,15555.0,17162.6,mitsubishi,1100,3,B70,70,16554.3,generator,1019744.88,4082.62
a1lo_a2hi,391,15555.0,17162.6,mitsubishi,1100,3,B100,100,17553.6,epa,1081301.76,4384.89
a1lo_a2hi,391,15555.0,17162.6,mitsubishi,1100,3,B100,100,17553.6,generator,1081301.76,4361.37
a1lo_a2hi,391,15555.0,17162.6,cummins,1000,3,B0,0,14222.6,epa,796465.6,3356.53
a1lo_a2hi,391,15555.0,17162.6,cummins,1000,3,B0,0,14222.6,generator,796465.6,3356.53
a1lo_a2hi,391,15555.0,17162.6,cummins,1000,3,B10,10,14555.7,epa,815119.2,3454.65
a1lo_a2hi,391,15555.0,17162.6,cummins,1000,3,B10,10,14555.7,generator,815119.2,3454.21
a1lo_a2hi,391,15555.0,17162.6,cummins,1000,3,B20,20,14888.8,epa,833772.8,3553.81
a1lo_a2hi,391,15555.0,17162.6,cummins,1000,3,B20,20,14888.8,generator,833772.8,3552.77
a1lo_a2hi,391,15555.0,17162.6,cummins,1000,3,B30,30,15221.9,epa,852426.4,3653.86
a1lo_a2hi,391,15555.0,17162.6,cummins,1000,3,B30,30,15221.9,generator,852426.4,3702.12
a1lo_a2hi,391,15555.0,17162.6,cummins,1000,3,B35,35,15388.5,epa,861753.2,3704.46
a1lo_a2hi,391,15555.0,17162.6,cummins,1000,3,B35,35,15388.5,generator,861753.2,3747.7
a1lo_a2hi,391,15555.0,17162.6,cummins,1000,3,B40,40,15555.0,epa,871080.0,3755.13
a1lo_a2hi,391,15555.0,17162.6,cummins,1000,3,B40,40,15555.0,generator,871080.0,3793.4
a1lo_a2hi,391,15555.0,17162.6,cummins,1000,3,B50,50,15888.1,epa,889733.6,3857.47
a1lo_a2hi,391,15555.0,17162.6,cummins,1000,3,B50,50,15888.1,generator,889733.6,3884.96
a1lo_a2hi,391,15555.0,17162.6,cummins,1000,3,B70,70,16554.3,epa,927040.8,4065.07
a1lo_a2hi,391,15555.0,17162.6,cummins,1000,3,B70,70,16554.3,generator,927040.8,4082.62
a1lo_a2hi,391,15555.0,17162.6,cummins,1000,3,B100,100,17553.6,epa,983001.6,4384.89
a1lo_a2hi,391,15555.0,17162.6,cummins,1000,3,B100,100,17553.6,generator,983001.6,4361.37
a1lo_a2hi,391,15555.0,17162.6,deutz,900,5,B0,0,14222.6,epa,716819.04,3356.53
a1lo_a2hi,391,15555.0,17162.6,deutz,900,5,B0,0,14222.6,generator,716819.04,3356.53
a1lo_a2hi,391,15555.0,17162.6,deutz,900,5,B10,10,14555.7,epa,733607.28,3454.65
a1lo_a2hi,391,15555.0,17162.6,deutz,900,5,B10,10,14555.7,generator,733607.28,3454.21
a1lo_a2hi,391,15555.0,17162.6,deutz,900,5,B20,20,14888.8,epa,750395.52,3553.81
a1lo_a2hi,391,15555.0,17162.6,deutz,900,5,B20,20,14888.8,generator,750395.52,3552.77
a1lo_a2hi,391,15555.0,17162.6,deutz,900,5,B30,30,15221.9,epa,767183.76,3653.86
a1lo_a2hi,391,15555.0,17162.6,deutz,900,5,B30,30,15221.9,generator,767183.76,3702.12
a1lo_a2hi,391,15555.0,17162.6,deutz,900,5,B35,35,15388.5,epa,775577.88,3704.46
a1lo_a2hi,391,15555.0,17162.6,deutz,900,5,B35,35,15388.5,generator,775577.88,3747.7
a1lo_a2hi,391,15555.0,17162.6,deutz,900,5,B40,40,15555.0,epa,783972.0,3755.13
a1lo_a2hi,391,15555.0,17162.6,deutz,900,5,B40,40,15555.0,generator,783972.0,3793.4
a1lo_a2hi,391,15555.0,17162.6,deutz,900,5,B50,50,15888.1,epa,800760.24,3857.47
a1lo_a2hi,391,15555.0,17162.6,deutz,900,5,B50,50,15888.1,generator,800760.24,3884.96
a1lo_a2hi,391,15555.0,17162.6,deutz,900,5,B70,70,16554.3,epa,834336.72,4065.07
a1lo_a2hi,391,15555.0,17162.6,deutz,900,5,B70,70,16554.3,generator,834336.72,4082.62
a1lo_a2hi,391,15555.0,17162.6,deutz,900,5,B100,100,17553.6,epa,884701.44,4384.89
a1lo_a2hi,391,15555.0,17162.6,deutz,900,5,B100,100,17553.6,generator,884701.44,4361.37
a1base_a2lo,391,18300.0,12685.4,mitsubishi,1100,3,B0,0,21782.4,epa,1341795.84,5140.65
a1base_a2lo,391,18300.0,12685.4,mitsubishi,1100,3,B0,0,21782.4,generator,1341795.84,5140.65
a1base_a2lo,391,18300.0,12685.4,mitsubishi,1100,3,B10,10,20911.8,epa,1288166.88,4963.21
a1base_a2lo,391,18300.0,12685.4,mitsubishi,1100,3,B10,10,20911.8,generator,1288166.88,4962.58
a1base_a2lo,391,18300.0,12685.4,mitsubishi,1100,3,B20,20,20041.2,epa,1234537.92,4783.63
a1base_a2lo,391,18300.0,12685.4,mitsubishi,1100,3,B20,20,20041.2,generator,1234537.92,4782.23
a1base_a2lo,391,18300.0,12685.4,mitsubishi,1100,3,B30,30,19170.6,epa,1180908.96,4601.71
a1base_a2lo,391,18300.0,12685.4,mitsubishi,1100,3,B30,30,19170.6,generator,1180908.96,4662.48
a1base_a2lo,391,18300.0,12685.4,mitsubishi,1100,3,B35,35,18735.3,epa,1154094.48,4510.15
a1base_a2lo,391,18300.0,12685.4,mitsubishi,1100,3,B35,35,18735.3,generator,1154094.48,4562.79
a1base_a2lo,391,18300.0,12685.4,mitsubishi,1100,3,B40,40,18300.0,epa,1127280.0,4417.8
a1base_a2lo,391,18300.0,12685.4,mitsubishi,1100,3,B40,40,18300.0,generator,1127280.0,4462.82
a1base_a2lo,391,18300.0,12685.4,mitsubishi,1100,3,B50,50,17429.4,epa,1073651.04,4231.68
a1base_a2lo,391,18300.0,12685.4,mitsubishi,1100,3,B50,50,17429.4,generator,1073651.04,4261.84
a1base_a2lo,391,18300.0,12685.4,mitsubishi,1100,3,B70,70,15688.2,epa,966393.12,3852.39
a1base_a2lo,391,18300.0,12685.4,mitsubishi,1100,3,B70,70,15688.2,generator,966393.12,3869.02
a1base_a2lo,391,18300.0,12685.4,mitsubishi,1100,3,B100,100,13076.4,epa,805506.24,3266.48
a1base_a2lo,391,18300.0,12685.4,mitsubishi,1100,3,B100,100,13076.4,generator,805506.24,3248.96
a1base_a2lo,391,18300.0,12685.4,cummins,1000,3,B0,0,21782.4,epa,1219814.4,5140.65
a1base_a2lo,391,18300.0,12685.4,cummins,1000,3,B0,0,21782.4,generator,1219814.4,5140.65
a1base_a2lo,391,18300.0,12685.4,cummins,1000,3,B10,10,20911.8,epa,1171060.8,4963.21
a1base_a2lo,391,18300.0,12685.4,cummins,1000,3,B10,10,20911.8,generator,1171060.8,4962.58
a1base_a2lo,391,18300.0,12685.4,cummins,1000,3,B20,20,20041.2,epa,1122307.2,4783.63
a1base_a2lo,391,18300.0,12685.4,cummins,1000,3,B20,20,20041.2,generator,1122307.2,4782.23
a1base_a2lo,391,18300.0,12685.4,cummins,1000,3,B30,30,19170.6,epa,1073553.6,4601.71
a1base_a2lo,391,18300.0,12685.4,cummins,1000,3,B30,30,19170.6,generator,1073553.6,4662.48
a1base_a2lo,391,18300.0,12685.4,cummins,1000,3,B35,35,18735.3,epa,1049176.8,4510.15
a1base_a2lo,391,18300.0,12685.4,cummins,1000,3,B35,35,18735.3,generator,1049176.8,4562.79
a1base_a2lo,391,18300.0,12685.4,cummins,1000,3,B40,40,18300.0,epa,1024800.0,4417.8
a1base_a2lo,391,18300.0,12685.4,cummins,1000,3,B40,40,18300.0,generator,1024800.0,4462.82
a1base_a2lo,391,18300.0,12685.4,cummins,1000,3,B50,50,17429.4,epa,976046.4,4231.68
a1base_a2lo,391,18300.0,12685.4,cummins,1000,3,B50,50,17429.4,generator,976046.4,4261.84
a1base_a2lo,391,18300.0,12685.4,cummins,1000,3,B70,70,15688.2,epa,878539.2,3852.39
a1base_a2lo,391,18300.0,12685.4,cummins,1000,3,B70,70,15688.2,generator,878539.2,3869.02
a1base_a2lo,391,18300.0,12685.4,cummins,1000,3,B100,100,13076.4,epa,732278.4,3266.48
a1base_a2lo,391,18300.0,12685.4,cummins,1000,3,B100,100,13076.4,generator,732278.4,3248.96
a1base_a2lo,391,18300.0,12685.4,deutz,900,5,B0,0,21782.4,epa,1097832.96,5140.65
a1base_a2lo,391,18300.0,12685.4,deutz,900,5,B0,0,21782.4,generator,1097832.96,5140.65
a1base_a2lo,391,18300.0,12685.4,deutz,900,5,B10,10,20911.8,epa,1053954.72,4963.21
a1base_a2lo,391,18300.0,12685.4,deutz,900,5,B10,10,20911.8,generator,1053954.72,4962.58
a1base_a2lo,391,18300.0,12685.4,deutz,900,5,B20,20,20041.2,epa,1010076.48,4783.63
a1base_a2lo,391,18300.0,12685.4,deutz,900,5,B20,20,20041.2,generator,1010076.48,4782.23
a1base_a2lo,391,18300.0,12685.4,deutz,900,5,B30,30,19170.6,epa,966198.24,4601.71
a1base_a2lo,391,18300.0,12685.4,deutz,900,5,B30,30,19170.6,generator,966198.24,4662.48
a1base_a2lo,391,18300.0,12685.4,deutz,900,5,B35,35,18735.3,epa,944259.12,4510.15
a1base_a2lo,391,18300.0,12685.4,deutz,900,5,B35,35,18735.3,generator,944259.12,4562.79
a1base_a2lo,391,18300.0,12685.4,deutz,900,5,B40,40,18300.0,epa,922320.0,4417.8
a1base_a2lo,391,18300.0,12685.4,deutz,900,5,B40,40,18300.0,generator,922320.0,4462.82
a1base_a2lo,391,18300.0,12685.4,deutz,900,5,B50,50,17429.4,epa,878441.76,4231.68
a1base_a2lo,391,18300.0,12685.4,deutz,900,5,B50,50,17429.4,generator,878441.76,4261.84
a1base_a2lo,391,18300.0,12685.4,deutz,900,5,B70,70,15688.2,epa,790685.28,3852.39
a1base_a2lo,391,18300.0,12685.4,deutz,900,5,B70,70,15688.2,generator,790685.28,3869.02
a1base_a2lo,391,18300.0,12685.4,deutz,900,5,B100,100,13076.4,epa,659050.56,3266.48
a1base_a2lo,391,18300.0,12685.4,deutz,900,5,B100,100,13076.4,generator,659050.56,3248.96
base,391,18300.0,14924.0,mitsubishi,1100,3,B0,0,20290.0,epa,1249864.0,4788.44
base,391,18300.0,14924.0,mitsubishi,1100,3,B0,0,20290.0,generator,1249864.0,4788.44
base,391,18300.0,14924.0,mitsubishi,1100,3,B10,10,19792.5,epa,1219218.0,4697.55
base,391,18300.0,14924.0,mitsubishi,1100,3,B10,10,19792.5,generator,1219218.0,4696.96
base,391,18300.0,14924.0,mitsubishi,1100,3,B20,20,19295.0,epa,1188572.0,4605.52
base,391,18300.0,14924.0,mitsubishi,1100,3,B20,20,19295.0,generator,1188572.0,4604.17
base,391,18300.0,14924.0,mitsubishi,1100,3,B30,30,18797.5,epa,1157926.0,4512.15
base,391,18300.0,14924.0,mitsubishi,1100,3,B30,30,18797.5,generator,1157926.0,4571.74
base,391,18300.0,14924.0,mitsubishi,1100,3,B35,35,18548.8,epa,1142603.0,4465.24
base,391,18300.0,14924.0,mitsubishi,1100,3,B35,35,18548.8,generator,1142603.0,4517.36
base,391,18300.0,14924.0,mitsubishi,1100,3,B40,40,18300.0,epa,1127280.0,4417.8
base,391,18300.0,14924.0,mitsubishi,1100,3,B40,40,18300.0,generator,1127280.0,4462.82
base,391,18300.0,14924.0,mitsubishi,1100,3,B50,50,17802.5,epa,1096634.0,4322.27
base,391,18300.0,14924.0,mitsubishi,1100,3,B50,50,17802.5,generator,1096634.0,4353.07
base,391,18300.0,14924.0,mitsubishi,1100,3,B70,70,16807.5,epa,1035342.0,4127.25
base,391,18300.0,14924.0,mitsubishi,1100,3,B70,70,16807.5,generator,1035342.0,4145.07
base,391,18300.0,14924.0,mitsubishi,1100,3,B100,100,15315.0,epa,943404.0,3825.69
base,391,18300.0,14924.0,mitsubishi,1100,3,B100,100,15315.0,generator,943404.0,3805.16
base,391,18300.0,14924.0,cummins,1000,3,B0,0,20290.0,epa,1136240.0,4788.44
base,391,18300.0,14924.0,cummins,1000,3,B0,0,20290.0,generator,1136240.0,4788.44
base,391,18300.0,14924.0,cummins,1000,3,B10,10,19792.5,epa,1108380.0,4697.55
base,391,18300.0,14924.0,cummins,1000,3,B10,10,19792.5,generator,1108380.0,4696.96
base,391,18300.0,14924.0,cummins,1000,3,B20,20,19295.0,epa,1080520.0,4605.52
base,391,18300.0,14924.0,cummins,1000,3,B20,20,19295.0,generator,1080520.0,4604.17
base,391,18300.0,14924.0,cummins,1000,3,B30,30,18797.5,epa,1052660.0,4512.15
base,391,18300.0,14924.0,cummins,1000,3,B30,30,18797.5,generator,1052660.0,4571.74
base,391,18300.0,14924.0,cummins,1000,3,B35,35,18548.8,epa,1038730.0,4465.24
base,391,18300.0,14924.0,cummins,1000,3,B35,35,18548.8,generator,1038730.0,4517.36
base,391,18300.0,14924.0,cummins,1000,3,B40,40,18300.0,epa,1024800.0,4417.8
base,391,18300.0,14924.0,cummins,1000,3,B40,40,18300.0,generator,1024800.0,4462.82
base,391,18300.0,14924.0,cummins,1000,3,B50,50,17802.5,epa,996940.0,4322.27
base,391,18300.0,14924.0,cummins,1000,3,B50,50,17802.5,generator,996940.0,4353.07
base,391,18300.0,14924.0,cummins,1000,3,B70,70,16807.5,epa,941220.0,4127.25
base,391,18300.0,14924.0,cummins,1000,3,B70,70,16807.5,generator,941220.0,4145.07
base,391,18300.0,14924.0,cummins,1000,3,B100,100,15315.0,epa,857640.0,3825.69
base,391,18300.0,14924.0,cummins,1000,3,B100,100,15315.0,generator,857640.0,3805.16
base,391,18300.0,14924.0,deutz,900,5,B0,0,20290.0,epa,1022616.0,4788.44
base,391,18300.0,14924.0,deutz,900,5,B0,0,20290.0,generator,1022616.0,4788.44
base,391,18300.0,14924.0,deutz,900,5,B10,10,19792.5,epa,997542.0,4697.55
base,391,18300.0,14924.0,deutz,900,5,B10,10,19792.5,generator,997542.0,4696.96
base,391,18300.0,14924.0,deutz,900,5,B20,20,19295.0,epa,972468.0,4605.52
base,391,18300.0,14924.0,deutz,900,5,B20,20,19295.0,generator,972468.0,4604.17
base,391,18300.0,14924.0,deutz,900,5,B30,30,18797.5,epa,947394.0,4512.15
base,391,18300.0,14924.0,deutz,900,5,B30,30,18797.5,generator,947394.0,4571.74
base,391,18300.0,14924.0,deutz,900,5,B35,35,18548.8,epa,934857.0,4465.24
base,391,18300.0,14924.0,deutz,900,5,B35,35,18548.8,generator,934857.0,4517.36
base,391,18300.0,14924.0,deutz,900,5,B40,40,18300.0,epa,922320.0,4417.8
base,391,18300.0,14924.0,deutz,900,5,B40,40,18300.0,generator,922320.0,4462.82
base,391,18300.0,14924.0,deutz,900,5,B50,50,17802.5,epa,897246.0,4322.27
base,391,18300.0,14924.0,deutz,900,5,B50,50,17802.5,generator,897246.0,4353.07
base,391,18300.0,14924.0,deutz,900,5,B70,70,16807.5,epa,847098.0,4127.25
base,391,18300.0,14924.0,deutz,900,5,B70,70,16807.5,generator,847098.0,4145.07
base,391,18300.0,14924.0,deutz,900,5,B100,100,15315.0,epa,771876.0,3825.69
base,391,18300.0,14924.0,deutz,900,5,B100,100,15315.0,generator,771876.0,3805.16
a1base_a2hi,391,18300.0,17162.6,mitsubishi,1100,3,B0,0,18797.6,epa,1157932.16,4436.23
a1base_a2hi,391,18300.0,17162.6,mitsubishi,1100,3,B0,0,18797.6,generator,1157932.16,4436.23
a1base_a2hi,391,18300.0,17162.6,mitsubishi,1100,3,B10,10,18673.2,epa,1150269.12,4431.9
a1base_a2hi,391,18300.0,17162.6,mitsubishi,1100,3,B10,10,18673.2,generator,1150269.12,4431.34
a1base_a2hi,391,18300.0,17162.6,mitsubishi,1100,3,B20,20,18548.8,epa,1142606.08,4427.41
a1base_a2hi,391,18300.0,17162.6,mitsubishi,1100,3,B20,20,18548.8,generator,1142606.08,4426.11
a1base_a2hi,391,18300.0,17162.6,mitsubishi,1100,3,B30,30,18424.4,epa,1134943.04,4422.59
a1base_a2hi,391,18300.0,17162.6,mitsubishi,1100,3,B30,30,18424.4,generator,1134943.04,4481.0
a1base_a2hi,391,18300.0,17162.6,mitsubishi,1100,3,B35,35,18362.2,epa,1131111.52,4420.33
a1base_a2hi,391,18300.0,17162.6,mitsubishi,1100,3,B35,35,18362.2,generator,1131111.52,4471.93
a1base_a2hi,391,18300.0,17162.6,mitsubishi,1100,3,B40,40,18300.0,epa,1127280.0,4417.8
a1base_a2hi,391,18300.0,17162.6,mitsubishi,1100,3,B40,40,18300.0,generator,1127280.0,4462.82
a1base_a2hi,391,18300.0,17162.6,mitsubishi,1100,3,B50,50,18175.6,epa,1119616.96,4412.85
a1base_a2hi,391,18300.0,17162.6,mitsubishi,1100,3,B50,50,18175.6,generator,1119616.96,4444.3
a1base_a2hi,391,18300.0,17162.6,mitsubishi,1100,3,B70,70,17926.8,epa,1104290.88,4402.11
a1base_a2hi,391,18300.0,17162.6,mitsubishi,1100,3,B70,70,17926.8,generator,1104290.88,4421.11
a1base_a2hi,391,18300.0,17162.6,mitsubishi,1100,3,B100,100,17553.6,epa,1081301.76,4384.89
a1base_a2hi,391,18300.0,17162.6,mitsubishi,1100,3,B100,100,17553.6,generator,1081301.76,4361.37
a1base_a2hi,391,18300.0,17162.6,cummins,1000,3,B0,0,18797.6,epa,1052665.6,4436.23
a1base_a2hi,391,18300.0,17162.6,cummins,1000,3,B0,0,18797.6,generator,1052665.6,4436.23
a1base_a2hi,391,18300.0,17162.6,cummins,1000,3,B10,10,18673.2,epa,1045699.2,4431.9
a1base_a2hi,391,18300.0,17162.6,cummins,1000,3,B10,10,18673.2,generator,1045699.2,4431.34
a1base_a2hi,391,18300.0,17162.6,cummins,1000,3,B20,20,18548.8,epa,1038732.8,4427.41
a1base_a2hi,391,18300.0,17162.6,cummins,1000,3,B20,20,18548.8,generator,1038732.8,4426.11
a1base_a2hi,391,18300.0,17162.6,cummins,1000,3,B30,30,18424.4,epa,1031766.4,4422.59
a1base_a2hi,391,18300.0,17162.6,cummins,1000,3,B30,30,18424.4,generator,1031766.4,4481.0
a1base_a2hi,391,18300.0,17162.6,cummins,1000,3,B35,35,18362.2,epa,1028283.2,4420.33
a1base_a2hi,391,18300.0,17162.6,cummins,1000,3,B35,35,18362.2,generator,1028283.2,4471.93
a1base_a2hi,391,18300.0,17162.6,cummins,1000,3,B40,40,18300.0,epa,1024800.0,4417.8
a1base_a2hi,391,18300.0,17162.6,cummins,1000,3,B40,40,18300.0,generator,1024800.0,4462.82
a1base_a2hi,391,18300.0,17162.6,cummins,1000,3,B50,50,18175.6,epa,1017833.6,4412.85
a1base_a2hi,391,18300.0,17162.6,cummins,1000,3,B50,50,18175.6,generator,1017833.6,4444.3
a1base_a2hi,391,18300.0,17162.6,cummins,1000,3,B70,70,17926.8,epa,1003900.8,4402.11
a1base_a2hi,391,18300.0,17162.6,cummins,1000,3,B70,70,17926.8,generator,1003900.8,4421.11
a1base_a2hi,391,18300.0,17162.6,cummins,1000,3,B100,100,17553.6,epa,983001.6,4384.89
a1base_a2hi,391,18300.0,17162.6,cummins,1000,3,B100,100,17553.6,generator,983001.6,4361.37
a1base_a2hi,391,18300.0,17162.6,deutz,900,5,B0,0,18797.6,epa,947399.04,4436.23
a1base_a2hi,391,18300.0,17162.6,deutz,900,5,B0,0,18797.6,generator,947399.04,4436.23
a1base_a2hi,391,18300.0,17162.6,deutz,900,5,B10,10,18673.2,epa,941129.28,4431.9
a1base_a2hi,391,18300.0,17162.6,deutz,900,5,B10,10,18673.2,generator,941129.28,4431.34
a1base_a2hi,391,18300.0,17162.6,deutz,900,5,B20,20,18548.8,epa,934859.52,4427.41
a1base_a2hi,391,18300.0,17162.6,deutz,900,5,B20,20,18548.8,generator,934859.52,4426.11
a1base_a2hi,391,18300.0,17162.6,deutz,900,5,B30,30,18424.4,epa,928589.76,4422.59
a1base_a2hi,391,18300.0,17162.6,deutz,900,5,B30,30,18424.4,generator,928589.76,4481.0
a1base_a2hi,391,18300.0,17162.6,deutz,900,5,B35,35,18362.2,epa,925454.88,4420.33
a1base_a2hi,391,18300.0,17162.6,deutz,900,5,B35,35,18362.2,generator,925454.88,4471.93
a1base_a2hi,391,18300.0,17162.6,deutz,900,5,B40,40,18300.0,epa,922320.0,4417.8
a1base_a2hi,391,18300.0,17162.6,deutz,900,5,B40,40,18300.0,generator,922320.0,4462.82
a1base_a2hi,391,18300.0,17162.6,deutz,900,5,B50,50,18175.6,epa,916050.24,4412.85
a1base_a2hi,391,18300.0,17162.6,deutz,900,5,B50,50,18175.6,generator,916050.24,4444.3
a1base_a2hi,391,18300.0,17162.6,deutz,900,5,B70,70,17926.8,epa,903510.72,4402.11
a1base_a2hi,391,18300.0,17162.6,deutz,900,5,B70,70,17926.8,generator,903510.72,4421.11
a1base_a2hi,391,18300.0,17162.6,deutz,900,5,B100,100,17553.6,epa,884701.44,4384.89
a1base_a2hi,391,18300.0,17162.6,deutz,900,5,B100,100,17553.6,generator,884701.44,4361.37
a1hi_a2lo,391,21045.0,12685.4,mitsubishi,1100,3,B0,0,26357.4,epa,1623615.84,6220.35
a1hi_a2lo,391,21045.0,12685.4,mitsubishi,1100,3,B0,0,26357.4,generator,1623615.84,6220.35
a1hi_a2lo,391,21045.0,12685.4,mitsubishi,1100,3,B10,10,25029.3,epa,1541804.88,5940.45
a1hi_a2lo,391,21045.0,12685.4,mitsubishi,1100,3,B10,10,25029.3,generator,1541804.88,5939.7
a1hi_a2lo,391,21045.0,12685.4,mitsubishi,1100,3,B20,20,23701.2,epa,1459993.92,5657.24
a1hi_a2lo,391,21045.0,12685.4,mitsubishi,1100,3,B20,20,23701.2,generator,1459993.92,5655.58
a1hi_a2lo,391,21045.0,12685.4,mitsubishi,1100,3,B30,30,22373.1,epa,1378182.96,5370.44
a1hi_a2lo,391,21045.0,12685.4,mitsubishi,1100,3,B30,30,22373.1,generator,1378182.96,5441.36
a1hi_a2lo,391,21045.0,12685.4,mitsubishi,1100,3,B35,35,21709.0,epa,1337277.48,5226.02
a1hi_a2lo,391,21045.0,12685.4,mitsubishi,1100,3,B35,35,21709.0,generator,1337277.48,5287.02
a1hi_a2lo,391,21045.0,12685.4,mitsubishi,1100,3,B40,40,21045.0,epa,1296372.0,5080.47
a1hi_a2lo,391,21045.0,12685.4,mitsubishi,1100,3,B40,40,21045.0,generator,1296372.0,5132.24
a1hi_a2lo,391,21045.0,12685.4,mitsubishi,1100,3,B50,50,19716.9,epa,1214561.04,4787.07
a1hi_a2lo,391,21045.0,12685.4,mitsubishi,1100,3,B50,50,19716.9,generator,1214561.04,4821.18
a1hi_a2lo,391,21045.0,12685.4,mitsubishi,1100,3,B70,70,17060.7,epa,1050939.12,4189.43
a1hi_a2lo,391,21045.0,12685.4,mitsubishi,1100,3,B70,70,17060.7,generator,1050939.12,4207.51
a1hi_a2lo,391,21045.0,12685.4,mitsubishi,1100,3,B100,100,13076.4,epa,805506.24,3266.48
a1hi_a2lo,391,21045.0,12685.4,mitsubishi,1100,3,B100,100,13076.4,generator,805506.24,3248.96
a1hi_a2lo,391,21045.0,12685.4,cummins,1000,3,B0,0,26357.4,epa,1476014.4,6220.35
a1hi_a2lo,391,21045.0,12685.4,cummins,1000,3,B0,0,26357.4,generator,1476014.4,6220.35
a1hi_a2lo,391,21045.0,12685.4,cummins,1000,3,B10,10,25029.3,epa,1401640.8,5940.45
a1hi_a2lo,391,21045.0,12685.4,cummins,1000,3,B10,10,25029.3,generator,1401640.8,5939.7
a1hi_a2lo,391,21045.0,12685.4,cummins,1000,3,B20,20,23701.2,epa,1327267.2,5657.24
a1hi_a2lo,391,21045.0,12685.4,cummins,1000,3,B20,20,23701.2,generator,1327267.2,5655.58
a1hi_a2lo,391,21045.0,12685.4,cummins,1000,3,B30,30,22373.1,epa,1252893.6,5370.44
a1hi_a2lo,391,21045.0,12685.4,cummins,1000,3,B30,30,22373.1,generator,1252893.6,5441.36
a1hi_a2lo,391,21045.0,12685.4,cummins,1000,3,B35,35,21709.0,epa,1215706.8,5226.02
a1hi_a2lo,391,21045.0,12685.4,cummins,1000,3,B35,35,21709.0,generator,1215706.8,5287.02
a1hi_a2lo,391,21045.0,12685.4,cummins,1000,3,B40,40,21045.0,epa,1178520.0,5080.47
a1hi_a2lo,391,21045.0,12685.4,cummins,1000,3,B40,40,21045.0,generator,1178520.0,5132.24
a1hi_a2lo,391,21045.0,12685.4,cummins,1000,3,B50,50,19716.9,epa,1104146.4,4787.07
a1hi_a2lo,391,21045.0,12685.4,cummins,1000,3,B50,50,19716.9,generator,1104146.4,4821.18
a1hi_a2lo,391,21045.0,12685.4,cummins,1000,3,B70,70,17060.7,epa,955399.2,4189.43
a1hi_a2lo,391,21045.0,12685.4,cummins,1000,3,B70,70,17060.7,generator,955399.2,4207.51
a1hi_a2lo,391,21045.0,12685.4,cummins,1000,3,B100,100,13076.4,epa,732278.4,3266.48
a1hi_a2lo,391,21045.0,12685.4,cummins,1000,3,B100,100,13076.4,generator,732278.4,3248.96
a1hi_a2lo,391,21045.0,12685.4,deutz,900,5,B0,0,26357.4,epa,1328412.96,6220.35
a1hi_a2lo,391,21045.0,12685.4,deutz,900,5,B0,0,26357.4,generator,1328412.96,6220.35
a1hi_a2lo,391,21045.0,12685.4,deutz,900,5,B10,10,25029.3,epa,1261476.72,5940.45
a1hi_a2lo,391,21045.0,12685.4,deutz,900,5,B10,10,25029.3,generator,1261476.72,5939.7
a1hi_a2lo,391,21045.0,12685.4,deutz,900,5,B20,20,23701.2,epa,1194540.48,5657.24
a1hi_a2lo,391,21045.0,12685.4,deutz,900,5,B20,20,23701.2,generator,1194540.48,5655.58
a1hi_a2lo,391,21045.0,12685.4,deutz,900,5,B30,30,22373.1,epa,1127604.24,5370.44
a1hi_a2lo,391,21045.0,12685.4,deutz,900,5,B30,30,22373.1,generator,1127604.24,5441.36
a1hi_a2lo,391,21045.0,12685.4,deutz,900,5,B35,35,21709.0,epa,1094136.12,5226.02
a1hi_a2lo,391,21045.0,12685.4,deutz,900,5,B35,35,21709.0,generator,1094136.12,5287.02
a1hi_a2lo,391,21045.0,12685.4,deutz,900,5,B40,40,21045.0,epa,1060668.0,5080.47
a1hi_a2lo,391,21045.0,12685.4,deutz,900,5,B40,40,21045.0,generator,1060668.0,5132.24
a1hi_a2lo,391,21045.0,12685.4,deutz,900,5,B50,50,19716.9,epa,993731.76,4787.07
a1hi_a2lo,391,21045.0,12685.4,deutz,900,5,B50,50,19716.9,generator,993731.76,4821.18
a1hi_a2lo,391,21045.0,12685.4,deutz,900,5,B70,70,17060.7,epa,859859.28,4189.43
a1hi_a2lo,391,21045.0,12685.4,deutz,900,5,B70,70,17060.7,generator,859859.28,4207.51
a1hi_a2lo,391,21045.0,12685.4,deutz,900,5,B100,100,13076.4,epa,659050.56,3266.48
a1hi_a2lo,391,21045.0,12685.4,deutz,900,5,B100,100,13076.4,generator,659050.56,3248.96
a1hi_a2base,391,21045.0,14924.0,mitsubishi,1100,3,B0,0,24865.0,epa,1531684.0,5868.14
a1hi_a2base,391,21045.0,14924.0,mitsubishi,1100,3,B0,0,24865.0,generator,1531684.0,5868.14
a1hi_a2base,391,21045.0,14924.0,mitsubishi,1100,3,B10,10,23910.0,epa,1472856.0,5674.8
a1hi_a2base,391,21045.0,14924.0,mitsubishi,1100,3,B10,10,23910.0,generator,1472856.0,5674.08
a1hi_a2base,391,21045.0,14924.0,mitsubishi,1100,3,B20,20,22955.0,epa,1414028.0,5479.13
a1hi_a2base,391,21045.0,14924.0,mitsubishi,1100,3,B20,20,22955.0,generator,1414028.0,5477.52
a1hi_a2base,391,21045.0,14924.0,mitsubishi,1100,3,B30,30,22000.0,epa,1355200.0,5280.88
a1hi_a2base,391,21045.0,14924.0,mitsubishi,1100,3,B30,30,22000.0,generator,1355200.0,5350.62
a1hi_a2base,391,21045.0,14924.0,mitsubishi,1100,3,B35,35,21522.5,epa,1325786.0,5181.11
a1hi_a2base,391,21045.0,14924.0,mitsubishi,1100,3,B35,35,21522.5,generator,1325786.0,5241.59
a1hi_a2base,391,21045.0,14924.0,mitsubishi,1100,3,B40,40,21045.0,epa,1296372.0,5080.47
a1hi_a2base,391,21045.0,14924.0,mitsubishi,1100,3,B40,40,21045.0,generator,1296372.0,5132.24
a1hi_a2base,391,21045.0,14924.0,mitsubishi,1100,3,B50,50,20090.0,epa,1237544.0,4877.65
a1hi_a2base,391,21045.0,14924.0,mitsubishi,1100,3,B50,50,20090.0,generator,1237544.0,4912.41
a1hi_a2base,391,21045.0,14924.0,mitsubishi,1100,3,B70,70,18180.0,epa,1119888.0,4464.28
a1hi_a2base,391,21045.0,14924.0,mitsubishi,1100,3,B70,70,18180.0,generator,1119888.0,4483.55
a1hi_a2base,391,21045.0,14924.0,mitsubishi,1100,3,B100,100,15315.0,epa,943404.0,3825.69
a1hi_a2base,391,21045.0,14924.0,mitsubishi,1100,3,B100,100,15315.0,generator,943404.0,3805.16
a1hi_a2base,391,21045.0,14924.0,cummins,1000,3,B0,0,24865.0,epa,1392440.0,5868.14
a1hi_a2base,391,21045.0,14924.0,cummins,1000,3,B0,0,24865.0,generator,1392440.0,5868.14
a1hi_a2base,391,21045.0,14924.0,cummins,1000,3,B10,10,23910.0,epa,1338960.0,5674.8
a1hi_a2base,391,21045.0,14924.0,cummins,1000,3,B10,10,23910.0,generator,1338960.0,5674.08
a1hi_a2base,391,21045.0,14924.0,cummins,1000,3,B20,20,22955.0,epa,1285480.0,5479.13
a1hi_a2base,391,21045.0,14924.0,cummins,1000,3,B20,20,22955.0,generator,1285480.0,5477.52
a1hi_a2base,391,21045.0,14924.0,cummins,1000,3,B30,30,22000.0,epa,1232000.0,5280.88
a1hi_a2base,391,21045.0,14924.0,cummins,1000,3,B30,30,22000.0,generator,1232000.0,5350.62
a1hi_a2base,391,21045.0,14924.0,cummins,1000,3,B35,35,21522.5,epa,1205260.0,5181.11
a1hi_a2base,391,21045.0,14924.0,cummins,1000,3,B35,35,21522.5,generator,1205260.0,5241.59
a1hi_a2base,391,21045.0,14924.0,cummins,1000,3,B40,40,21045.0,epa,1178520.0,5080.47
a1hi_a2base,391,21045.0,14924.0,cummins,1000,3,B40,40,21045.0,generator,1178520.0,5132.24
a1hi_a2base,391,21045.0,14924.0,cummins,1000,3,B50,50,20090.0,epa,1125040.0,4877.65
a1hi_a2base,391,21045.0,14924.0,cummins,1000,3,B50,50,20090.0,generator,1125040.0,4912.41
a1hi_a2base,391,21045.0,14924.0,cummins,1000,3,B70,70,18180.0,epa,1018080.0,4464.28
a1hi_a2base,391,21045.0,14924.0,cummins,1000,3,B70,70,18180.0,generator,1018080.0,4483.55
a1hi_a2base,391,21045.0,14924.0,cummins,1000,3,B100,100,15315.0,epa,857640.0,3825.69
a1hi_a2base,391,21045.0,14924.0,cummins,1000,3,B100,100,15315.0,generator,857640.0,3805.16
a1hi_a2base,391,21045.0,14924.0,deutz,900,5,B0,0,24865.0,epa,1253196.0,5868.14
a1hi_a2base,391,21045.0,14924.0,deutz,900,5,B0,0,24865.0,generator,1253196.0,5868.14
a1hi_a2base,391,21045.0,14924.0,deutz,900,5,B10,10,23910.0,epa,1205064.0,5674.8
a1hi_a2base,391,21045.0,14924.0,deutz,900,5,B10,10,23910.0,generator,1205064.0,5674.08
a1hi_a2base,391,21045.0,14924.0,deutz,900,5,B20,20,22955.0,epa,1156932.0,5479.13
a1hi_a2base,391,21045.0,14924.0,deutz,900,5,B20,20,22955.0,generator,1156932.0,5477.52
a1hi_a2base,391,21045.0,14924.0,deutz,900,5,B30,30,22000.0,epa,1108800.0,5280.88
a1hi_a2base,391,21045.0,14924.0,deutz,900,5,B30,30,22000.0,generator,1108800.0,5350.62
a1hi_a2base,391,21045.0,14924.0,deutz,900,5,B35,35,21522.5,epa,1084734.0,5181.11
a1hi_a2base,391,21045.0,14924.0,deutz,900,5,B35,35,21522.5,generator,1084734.0,5241.59
a1hi_a2base,391,21045.0,14924.0,deutz,900,5,B40,40,21045.0,epa,1060668.0,5080.47
a1hi_a2base,391,21045.0,14924.0,deutz,900,5,B40,40,21045.0,generator,1060668.0,5132.24
a1hi_a2base,391,21045.0,14924.0,deutz,900,5,B50,50,20090.0,epa,1012536.0,4877.65
a1hi_a2base,391,21045.0,14924.0,deutz,900,5,B50,50,20090.0,generator,1012536.0,4912.41
a1hi_a2base,391,21045.0,14924.0,deutz,900,5,B70,70,18180.0,epa,916272.0,4464.28
a1hi_a2base,391,21045.0,14924.0,deutz,900,5,B70,70,18180.0,generator,916272.0,4483.55
a1hi_a2base,391,21045.0,14924.0,deutz,900,5,B100,100,15315.0,epa,771876.0,3825.69
a1hi_a2base,391,21045.0,14924.0,deutz,900,5,B100,100,15315.0,generator,771876.0,3805.16
a1hi_a2hi,391,21045.0,17162.6,mitsubishi,1100,3,B0,0,23372.6,epa,1439752.16,5515.93
a1hi_a2hi,391,21045.0,17162.6,mitsubishi,1100,3,B0,0,23372.6,generator,1439752.16,5515.93
a1hi_a2hi,391,21045.0,17162.6,mitsubishi,1100,3,B10,10,22790.7,epa,1403907.12,5409.14
a1hi_a2hi,391,21045.0,17162.6,mitsubishi,1100,3,B10,10,22790.7,generator,1403907.12,5408.46
a1hi_a2hi,391,21045.0,17162.6,mitsubishi,1100,3,B20,20,22208.8,epa,1368062.08,5301.02
a1hi_a2hi,391,21045.0,17162.6,mitsubishi,1100,3,B20,20,22208.8,generator,1368062.08,5299.46
a1hi_a2hi,391,21045.0,17162.6,mitsubishi,1100,3,B30,30,21626.9,epa,1332217.04,5191.32
a1hi_a2hi,391,21045.0,17162.6,mitsubishi,1100,3,B30,30,21626.9,generator,1332217.04,5259.88
a1hi_a2hi,391,21045.0,17162.6,mitsubishi,1100,3,B35,35,21336.0,epa,1314294.52,5136.2
a1hi_a2hi,391,21045.0,17162.6,mitsubishi,1100,3,B35,35,21336.0,generator,1314294.52,5196.16
a1hi_a2hi,391,21045.0,17162.6,mitsubishi,1100,3,B40,40,21045.0,epa,1296372.0,5080.47
a1hi_a2hi,391,21045.0,17162.6,mitsubishi,1100,3,B40,40,21045.0,generator,1296372.0,5132.24
a1hi_a2hi,391,21045.0,17162.6,mitsubishi,1100,3,B50,50,20463.1,epa,1260526.96,4968.24
a1hi_a2hi,391,21045.0,17162.6,mitsubishi,1100,3,B50,50,20463.1,generator,1260526.96,5003.64
a1hi_a2hi,391,21045.0,17162.6,mitsubishi,1100,3,B70,70,19299.3,epa,1188836.88,4739.14
a1hi_a2hi,391,21045.0,17162.6,mitsubishi,1100,3,B70,70,19299.3,generator,1188836.88,4759.59
a1hi_a2hi,391,21045.0,17162.6,mitsubishi,1100,3,B100,100,17553.6,epa,1081301.76,4384.89
a1hi_a2hi,391,21045.0,17162.6,mitsubishi,1100,3,B100,100,17553.6,generator,1081301.76,4361.37
a1hi_a2hi,391,21045.0,17162.6,cummins,1000,3,B0,0,23372.6,epa,1308865.6,5515.93
a1hi_a2hi,391,21045.0,17162.6,cummins,1000,3,B0,0,23372.6,generator,1308865.6,5515.93
a1hi_a2hi,391,21045.0,17162.6,cummins,1000,3,B10,10,22790.7,epa,1276279.2,5409.14
a1hi_a2hi,391,21045.0,17162.6,cummins,1000,3,B10,10,22790.7,generator,1276279.2,5408.46
a1hi_a2hi,391,21045.0,17162.6,cummins,1000,3,B20,20,22208.8,epa,1243692.8,5301.02
a1hi_a2hi,391,21045.0,17162.6,cummins,1000,3,B20,20,22208.8,generator,1243692.8,5299.46
a1hi_a2hi,391,21045.0,17162.6,cummins,1000,3,B30,30,21626.9,epa,1211106.4,5191.32
a1hi_a2hi,391,21045.0,17162.6,cummins,1000,3,B30,30,21626.9,generator,1211106.4,5259.88
a1hi_a2hi,391,21045.0,17162.6,cummins,1000,3,B35,35,21336.0,epa,1194813.2,5136.2
a1hi_a2hi,391,21045.0,17162.6,cummins,1000,3,B35,35,21336.0,generator,1194813.2,5196.16
a1hi_a2hi,391,21045.0,17162.6,cummins,1000,3,B40,40,21045.0,epa,1178520.0,5080.47
a1hi_a2hi,391,21045.0,17162.6,cummins,1000,3,B40,40,21045.0,generator,1178520.0,5132.24
a1hi_a2hi,391,21045.0,17162.6,cummins,1000,3,B50,50,20463.1,epa,1145933.6,4968.24
a1hi_a2hi,391,21045.0,17162.6,cummins,1000,3,B50,50,20463.1,generator,1145933.6,5003.64
a1hi_a2hi,391,21045.0,17162.6,cummins,1000,3,B70,70,19299.3,epa,1080760.8,4739.14
a1hi_a2hi,391,21045.0,17162.6,cummins,1000,3,B70,70,19299.3,generator,1080760.8,4759.59
a1hi_a2hi,391,21045.0,17162.6,cummins,1000,3,B100,100,17553.6,epa,983001.6,4384.89
a1hi_a2hi,391,21045.0,17162.6,cummins,1000,3,B100,100,17553.6,generator,983001.6,4361.37
a1hi_a2hi,391,21045.0,17162.6,deutz,900,5,B0,0,23372.6,epa,1177979.04,5515.93
a1hi_a2hi,391,21045.0,17162.6,deutz,900,5,B0,0,23372.6,generator,1177979.04,5515.93
a1hi_a2hi,391,21045.0,17162.6,deutz,900,5,B10,10,22790.7,epa,1148651.28,5409.14
a1hi_a2hi,391,21045.0,17162.6,deutz,900,5,B10,10,22790.7,generator,1148651.28,5408.46
a1hi_a2hi,391,21045.0,17162.6,deutz,900,5,B20,20,22208.8,epa,1119323.52,5301.02
a1hi_a2hi,391,21045.0,17162.6,deutz,900,5,B20,20,22208.8,generator,1119323.52,5299.46
a1hi_a2hi,391,21045.0,17162.6,deutz,900,5,B30,30,21626.9,epa,1089995.76,5191.32
a1hi_a2hi,391,21045.0,17162.6,deutz,900,5,B30,30,21626.9,generator,1089995.76,5259.88
a1hi_a2hi,391,21045.0,17162.6,deutz,900,5,B35,35,21336.0,epa,1075331.88,5136.2
a1hi_a2hi,391,21045.0,17162.6,deutz,900,5,B35,35,21336.0,generator,1075331.88,5196.16
a1hi_a2hi,391,21045.0,17162.6,deutz,900,5,B40,40,21045.0,epa,1060668.0,5080.47
a1hi_a2hi,391,21045.0,17162.6,deutz,900,5,B40,40,21045.0,generator,1060668.0,5132.24
a1hi_a2hi,391,21045.0,17162.6,deutz,900,5,B50,50,20463.1,epa,1031340.24,4968.24
a1hi_a2hi,391,21045.0,17162.6,deutz,900,5,B50,50,20463.1,generator,1031340.24,5003.64
a1hi_a2hi,391,21045.0,17162.6,deutz,900,5,B70,70,19299.3,epa,972684.72,4739.14
a1hi_a2hi,391,21045.0,17162.6,deutz,900,5,B70,70,19299.3,generator,972684.72,4759.59
a1hi_a2hi,391,21045.0,17162.6,deutz,900,5,B100,100,17553.6,epa,884701.44,4384.89
a1hi_a2hi,391,21045.0,17162.6,deutz,900,5,B100,100,17553.6,generator,884701.44,4361.37
