ongkos_angkut_scenario,ongkos_angkut_rp,genset_group,p_rated_kw,n_units,blend,pct_b,price_rp_per_l,bsfc_basis,a_i_idle_rp_per_hr,b_i_marginal_rp_per_kwh
low,307,mitsubishi,1100,3,B0,0,20346.0,epa,1253313.6,4801.66
low,307,mitsubishi,1100,3,B0,0,20346.0,generator,1253313.6,4801.66
low,307,mitsubishi,1100,3,B10,10,19834.5,epa,1221805.2,4707.52
low,307,mitsubishi,1100,3,B10,10,19834.5,generator,1221805.2,4706.93
low,307,mitsubishi,1100,3,B20,20,19323.0,epa,1190296.8,4612.21
low,307,mitsubishi,1100,3,B20,20,19323.0,generator,1190296.8,4610.85
low,307,mitsubishi,1100,3,B30,30,18811.5,epa,1158788.4,4515.51
low,307,mitsubishi,1100,3,B30,30,18811.5,generator,1158788.4,4575.14
low,307,mitsubishi,1100,3,B35,35,18555.8,epa,1143034.2,4466.93
low,307,mitsubishi,1100,3,B35,35,18555.8,generator,1143034.2,4519.07
low,307,mitsubishi,1100,3,B40,40,18300.0,epa,1127280.0,4417.8
low,307,mitsubishi,1100,3,B40,40,18300.0,generator,1127280.0,4462.82
low,307,mitsubishi,1100,3,B50,50,17788.5,epa,1095771.6,4318.87
low,307,mitsubishi,1100,3,B50,50,17788.5,generator,1095771.6,4349.64
low,307,mitsubishi,1100,3,B70,70,16765.5,epa,1032754.8,4116.94
low,307,mitsubishi,1100,3,B70,70,16765.5,generator,1032754.8,4134.71
low,307,mitsubishi,1100,3,B100,100,15231.0,epa,938229.6,3804.7
low,307,mitsubishi,1100,3,B100,100,15231.0,generator,938229.6,3784.29
low,307,cummins,1000,3,B0,0,20346.0,epa,1139376.0,4801.66
low,307,cummins,1000,3,B0,0,20346.0,generator,1139376.0,4801.66
low,307,cummins,1000,3,B10,10,19834.5,epa,1110732.0,4707.52
low,307,cummins,1000,3,B10,10,19834.5,generator,1110732.0,4706.93
low,307,cummins,1000,3,B20,20,19323.0,epa,1082088.0,4612.21
low,307,cummins,1000,3,B20,20,19323.0,generator,1082088.0,4610.85
low,307,cummins,1000,3,B30,30,18811.5,epa,1053444.0,4515.51
low,307,cummins,1000,3,B30,30,18811.5,generator,1053444.0,4575.14
low,307,cummins,1000,3,B35,35,18555.8,epa,1039122.0,4466.93
low,307,cummins,1000,3,B35,35,18555.8,generator,1039122.0,4519.07
low,307,cummins,1000,3,B40,40,18300.0,epa,1024800.0,4417.8
low,307,cummins,1000,3,B40,40,18300.0,generator,1024800.0,4462.82
low,307,cummins,1000,3,B50,50,17788.5,epa,996156.0,4318.87
low,307,cummins,1000,3,B50,50,17788.5,generator,996156.0,4349.64
low,307,cummins,1000,3,B70,70,16765.5,epa,938868.0,4116.94
low,307,cummins,1000,3,B70,70,16765.5,generator,938868.0,4134.71
low,307,cummins,1000,3,B100,100,15231.0,epa,852936.0,3804.7
low,307,cummins,1000,3,B100,100,15231.0,generator,852936.0,3784.29
low,307,deutz,900,5,B0,0,20346.0,epa,1025438.4,4801.66
low,307,deutz,900,5,B0,0,20346.0,generator,1025438.4,4801.66
low,307,deutz,900,5,B10,10,19834.5,epa,999658.8,4707.52
low,307,deutz,900,5,B10,10,19834.5,generator,999658.8,4706.93
low,307,deutz,900,5,B20,20,19323.0,epa,973879.2,4612.21
low,307,deutz,900,5,B20,20,19323.0,generator,973879.2,4610.85
low,307,deutz,900,5,B30,30,18811.5,epa,948099.6,4515.51
low,307,deutz,900,5,B30,30,18811.5,generator,948099.6,4575.14
low,307,deutz,900,5,B35,35,18555.8,epa,935209.8,4466.93
low,307,deutz,900,5,B35,35,18555.8,generator,935209.8,4519.07
low,307,deutz,900,5,B40,40,18300.0,epa,922320.0,4417.8
low,307,deutz,900,5,B40,40,18300.0,generator,922320.0,4462.82
low,307,deutz,900,5,B50,50,17788.5,epa,896540.4,4318.87
low,307,deutz,900,5,B50,50,17788.5,generator,896540.4,4349.64
low,307,deutz,900,5,B70,70,16765.5,epa,844981.2,4116.94
low,307,deutz,900,5,B70,70,16765.5,generator,844981.2,4134.71
low,307,deutz,900,5,B100,100,15231.0,epa,767642.4,3804.7
low,307,deutz,900,5,B100,100,15231.0,generator,767642.4,3784.29
mean,391,mitsubishi,1100,3,B0,0,20290.0,epa,1249864.0,4788.44
mean,391,mitsubishi,1100,3,B0,0,20290.0,generator,1249864.0,4788.44
mean,391,mitsubishi,1100,3,B10,10,19792.5,epa,1219218.0,4697.55
mean,391,mitsubishi,1100,3,B10,10,19792.5,generator,1219218.0,4696.96
mean,391,mitsubishi,1100,3,B20,20,19295.0,epa,1188572.0,4605.52
mean,391,mitsubishi,1100,3,B20,20,19295.0,generator,1188572.0,4604.17
mean,391,mitsubishi,1100,3,B30,30,18797.5,epa,1157926.0,4512.15
mean,391,mitsubishi,1100,3,B30,30,18797.5,generator,1157926.0,4571.74
mean,391,mitsubishi,1100,3,B35,35,18548.8,epa,1142603.0,4465.24
mean,391,mitsubishi,1100,3,B35,35,18548.8,generator,1142603.0,4517.36
mean,391,mitsubishi,1100,3,B40,40,18300.0,epa,1127280.0,4417.8
mean,391,mitsubishi,1100,3,B40,40,18300.0,generator,1127280.0,4462.82
mean,391,mitsubishi,1100,3,B50,50,17802.5,epa,1096634.0,4322.27
mean,391,mitsubishi,1100,3,B50,50,17802.5,generator,1096634.0,4353.07
mean,391,mitsubishi,1100,3,B70,70,16807.5,epa,1035342.0,4127.25
mean,391,mitsubishi,1100,3,B70,70,16807.5,generator,1035342.0,4145.07
mean,391,mitsubishi,1100,3,B100,100,15315.0,epa,943404.0,3825.69
mean,391,mitsubishi,1100,3,B100,100,15315.0,generator,943404.0,3805.16
mean,391,cummins,1000,3,B0,0,20290.0,epa,1136240.0,4788.44
mean,391,cummins,1000,3,B0,0,20290.0,generator,1136240.0,4788.44
mean,391,cummins,1000,3,B10,10,19792.5,epa,1108380.0,4697.55
mean,391,cummins,1000,3,B10,10,19792.5,generator,1108380.0,4696.96
mean,391,cummins,1000,3,B20,20,19295.0,epa,1080520.0,4605.52
mean,391,cummins,1000,3,B20,20,19295.0,generator,1080520.0,4604.17
mean,391,cummins,1000,3,B30,30,18797.5,epa,1052660.0,4512.15
mean,391,cummins,1000,3,B30,30,18797.5,generator,1052660.0,4571.74
mean,391,cummins,1000,3,B35,35,18548.8,epa,1038730.0,4465.24
mean,391,cummins,1000,3,B35,35,18548.8,generator,1038730.0,4517.36
mean,391,cummins,1000,3,B40,40,18300.0,epa,1024800.0,4417.8
mean,391,cummins,1000,3,B40,40,18300.0,generator,1024800.0,4462.82
mean,391,cummins,1000,3,B50,50,17802.5,epa,996940.0,4322.27
mean,391,cummins,1000,3,B50,50,17802.5,generator,996940.0,4353.07
mean,391,cummins,1000,3,B70,70,16807.5,epa,941220.0,4127.25
mean,391,cummins,1000,3,B70,70,16807.5,generator,941220.0,4145.07
mean,391,cummins,1000,3,B100,100,15315.0,epa,857640.0,3825.69
mean,391,cummins,1000,3,B100,100,15315.0,generator,857640.0,3805.16
mean,391,deutz,900,5,B0,0,20290.0,epa,1022616.0,4788.44
mean,391,deutz,900,5,B0,0,20290.0,generator,1022616.0,4788.44
mean,391,deutz,900,5,B10,10,19792.5,epa,997542.0,4697.55
mean,391,deutz,900,5,B10,10,19792.5,generator,997542.0,4696.96
mean,391,deutz,900,5,B20,20,19295.0,epa,972468.0,4605.52
mean,391,deutz,900,5,B20,20,19295.0,generator,972468.0,4604.17
mean,391,deutz,900,5,B30,30,18797.5,epa,947394.0,4512.15
mean,391,deutz,900,5,B30,30,18797.5,generator,947394.0,4571.74
mean,391,deutz,900,5,B35,35,18548.8,epa,934857.0,4465.24
mean,391,deutz,900,5,B35,35,18548.8,generator,934857.0,4517.36
mean,391,deutz,900,5,B40,40,18300.0,epa,922320.0,4417.8
mean,391,deutz,900,5,B40,40,18300.0,generator,922320.0,4462.82
mean,391,deutz,900,5,B50,50,17802.5,epa,897246.0,4322.27
mean,391,deutz,900,5,B50,50,17802.5,generator,897246.0,4353.07
mean,391,deutz,900,5,B70,70,16807.5,epa,847098.0,4127.25
mean,391,deutz,900,5,B70,70,16807.5,generator,847098.0,4145.07
mean,391,deutz,900,5,B100,100,15315.0,epa,771876.0,3825.69
mean,391,deutz,900,5,B100,100,15315.0,generator,771876.0,3805.16
high,500,mitsubishi,1100,3,B0,0,20217.3,epa,1245387.73,4771.29
high,500,mitsubishi,1100,3,B0,0,20217.3,generator,1245387.73,4771.29
high,500,mitsubishi,1100,3,B10,10,19738.0,epa,1215860.8,4684.62
high,500,mitsubishi,1100,3,B10,10,19738.0,generator,1215860.8,4684.02
high,500,mitsubishi,1100,3,B20,20,19258.7,epa,1186333.87,4596.85
high,500,mitsubishi,1100,3,B20,20,19258.7,generator,1186333.87,4595.5
high,500,mitsubishi,1100,3,B30,30,18779.3,epa,1156806.93,4507.79
high,500,mitsubishi,1100,3,B30,30,18779.3,generator,1156806.93,4567.32
high,500,mitsubishi,1100,3,B35,35,18539.7,epa,1142043.47,4463.05
high,500,mitsubishi,1100,3,B35,35,18539.7,generator,1142043.47,4515.15
high,500,mitsubishi,1100,3,B40,40,18300.0,epa,1127280.0,4417.8
high,500,mitsubishi,1100,3,B40,40,18300.0,generator,1127280.0,4462.82
high,500,mitsubishi,1100,3,B50,50,17820.7,epa,1097753.07,4326.68
high,500,mitsubishi,1100,3,B50,50,17820.7,generator,1097753.07,4357.51
high,500,mitsubishi,1100,3,B70,70,16862.0,epa,1038699.2,4140.63
high,500,mitsubishi,1100,3,B70,70,16862.0,generator,1038699.2,4158.51
high,500,mitsubishi,1100,3,B100,100,15424.0,epa,950118.4,3852.92
high,500,mitsubishi,1100,3,B100,100,15424.0,generator,950118.4,3832.25
high,500,cummins,1000,3,B0,0,20217.3,epa,1132170.67,4771.29
high,500,cummins,1000,3,B0,0,20217.3,generator,1132170.67,4771.29
high,500,cummins,1000,3,B10,10,19738.0,epa,1105328.0,4684.62
high,500,cummins,1000,3,B10,10,19738.0,generator,1105328.0,4684.02
high,500,cummins,1000,3,B20,20,19258.7,epa,1078485.33,4596.85
high,500,cummins,1000,3,B20,20,19258.7,generator,1078485.33,4595.5
high,500,cummins,1000,3,B30,30,18779.3,epa,1051642.67,4507.79
high,500,cummins,1000,3,B30,30,18779.3,generator,1051642.67,4567.32
high,500,cummins,1000,3,B35,35,18539.7,epa,1038221.33,4463.05
high,500,cummins,1000,3,B35,35,18539.7,generator,1038221.33,4515.15
high,500,cummins,1000,3,B40,40,18300.0,epa,1024800.0,4417.8
high,500,cummins,1000,3,B40,40,18300.0,generator,1024800.0,4462.82
high,500,cummins,1000,3,B50,50,17820.7,epa,997957.33,4326.68
high,500,cummins,1000,3,B50,50,17820.7,generator,997957.33,4357.51
high,500,cummins,1000,3,B70,70,16862.0,epa,944272.0,4140.63
high,500,cummins,1000,3,B70,70,16862.0,generator,944272.0,4158.51
high,500,cummins,1000,3,B100,100,15424.0,epa,863744.0,3852.92
high,500,cummins,1000,3,B100,100,15424.0,generator,863744.0,3832.25
high,500,deutz,900,5,B0,0,20217.3,epa,1018953.6,4771.29
high,500,deutz,900,5,B0,0,20217.3,generator,1018953.6,4771.29
high,500,deutz,900,5,B10,10,19738.0,epa,994795.2,4684.62
high,500,deutz,900,5,B10,10,19738.0,generator,994795.2,4684.02
high,500,deutz,900,5,B20,20,19258.7,epa,970636.8,4596.85
high,500,deutz,900,5,B20,20,19258.7,generator,970636.8,4595.5
high,500,deutz,900,5,B30,30,18779.3,epa,946478.4,4507.79
high,500,deutz,900,5,B30,30,18779.3,generator,946478.4,4567.32
high,500,deutz,900,5,B35,35,18539.7,epa,934399.2,4463.05
high,500,deutz,900,5,B35,35,18539.7,generator,934399.2,4515.15
high,500,deutz,900,5,B40,40,18300.0,epa,922320.0,4417.8
high,500,deutz,900,5,B40,40,18300.0,generator,922320.0,4462.82
high,500,deutz,900,5,B50,50,17820.7,epa,898161.6,4326.68
high,500,deutz,900,5,B50,50,17820.7,generator,898161.6,4357.51
high,500,deutz,900,5,B70,70,16862.0,epa,849844.8,4140.63
high,500,deutz,900,5,B70,70,16862.0,generator,849844.8,4158.51
high,500,deutz,900,5,B100,100,15424.0,epa,777369.6,3852.92
high,500,deutz,900,5,B100,100,15424.0,generator,777369.6,3832.25
