blend,pct_b,bsfc_basis,A_x_L_per_kWh,CO_g_per_L,CO_g_per_kWh,THC_g_per_L,THC_g_per_kWh,NOx_g_per_L,NOx_g_per_kWh,PM_g_per_L,PM_g_per_kWh,CO2_g_per_L,CO2_g_per_kWh
B0,0,epa,0.236,16.5,3.894,0.72,0.1699,15.5,3.658,0.1,0.0236,2705.1512,638.4157
B0,0,generator,0.236,16.5,3.894,0.72,0.1699,15.5,3.658,0.1,0.0236,2705.1512,638.4157
B10,10,epa,0.23734,15.4522,3.6674,0.6437,0.1528,15.6526,3.715,0.0938,0.0223,2712.0111,643.6687
B10,10,generator,0.23731,15.4522,3.667,0.6437,0.1528,15.6526,3.7145,0.049,0.0116,2712.0111,643.5873
B20,20,epa,0.23869,14.4709,3.4541,0.5756,0.1374,15.8066,3.7729,0.088,0.021,2718.871,648.9673
B20,20,generator,0.23862,14.4709,3.453,0.5756,0.1373,15.8066,3.7718,0.0786,0.0188,2718.871,648.777
B30,30,epa,0.24004,13.5519,3.253,0.5146,0.1235,15.9622,3.8316,0.0826,0.0198,2725.7308,654.2844
B30,30,generator,0.24321,13.5519,3.296,0.5146,0.1252,15.9622,3.8822,0.0954,0.0232,2725.7308,662.925
B35,35,epa,0.24073,13.1146,3.1571,0.4866,0.1171,16.0405,3.8614,0.08,0.0193,2729.1608,656.9909
B35,35,generator,0.24354,13.1146,3.1939,0.4866,0.1185,16.0405,3.9065,0.0993,0.0242,2729.1608,664.6598
B40,40,epa,0.24141,12.6913,3.0638,0.4601,0.1111,16.1193,3.8914,0.0775,0.0187,2732.5907,659.6747
B40,40,generator,0.24387,12.6913,3.095,0.4601,0.1122,16.1193,3.931,0.1031,0.0252,2732.5907,666.3969
B50,50,epa,0.24279,11.8854,2.8857,0.4114,0.0999,16.2779,3.9521,0.0727,0.0176,2739.4506,665.1112
B50,50,generator,0.24452,11.8854,2.9062,0.4114,0.1006,16.2779,3.9803,0.1109,0.0271,2739.4506,669.8505
B70,70,epa,0.24556,10.4238,2.5597,0.3288,0.0808,16.5999,4.0763,0.064,0.0157,2753.1704,676.0685
B70,70,generator,0.24662,10.4238,2.5707,0.3288,0.0811,16.5999,4.0939,0.1237,0.0305,2753.1704,678.9869
B100,100,epa,0.2498,8.5614,2.1386,0.235,0.0587,17.0949,4.2703,0.0528,0.0132,2773.75,692.8827
B100,100,generator,0.24846,8.5614,2.1272,0.235,0.0584,17.0949,4.2474,0.1293,0.0321,2773.75,689.1659
