scenario,representative_date,hour,pv_ac_kw
clear,2023-09-13,0,0.0
clear,2023-09-13,1,0.0
clear,2023-09-13,2,0.0
clear,2023-09-13,3,0.0
clear,2023-09-13,4,0.0
clear,2023-09-13,5,0.0
clear,2023-09-13,6,87.462501
clear,2023-09-13,7,331.179975
clear,2023-09-13,8,589.926435
clear,2023-09-13,9,796.580526
clear,2023-09-13,10,930.6461640000001
clear,2023-09-13,11,1010.7269759999998
clear,2023-09-13,12,1016.9687639999999
clear,2023-09-13,13,944.6016510000001
clear,2023-09-13,14,781.9942199999999
clear,2023-09-13,15,503.93584500000003
clear,2023-09-13,16,232.108191
clear,2023-09-13,17,29.936235000000003
clear,2023-09-13,18,0.0
clear,2023-09-13,19,0.0
clear,2023-09-13,20,0.0
clear,2023-09-13,21,0.0
clear,2023-09-13,22,0.0
clear,2023-09-13,23,0.0
partly_cloudy,2024-02-27,0,0.0
partly_cloudy,2024-02-27,1,0.0
partly_cloudy,2024-02-27,2,0.0
partly_cloudy,2024-02-27,3,0.0
partly_cloudy,2024-02-27,4,0.0
partly_cloudy,2024-02-27,5,0.0
partly_cloudy,2024-02-27,6,36.133755
partly_cloudy,2024-02-27,7,197.60128500000002
partly_cloudy,2024-02-27,8,403.779495
partly_cloudy,2024-02-27,9,681.3619889999999
partly_cloudy,2024-02-27,10,860.3264459999999
partly_cloudy,2024-02-27,11,935.1615
partly_cloudy,2024-02-27,12,1066.582125
partly_cloudy,2024-02-27,13,950.622099
partly_cloudy,2024-02-27,14,763.1249849999999
partly_cloudy,2024-02-27,15,580.2206759999999
partly_cloudy,2024-02-27,16,332.45268
partly_cloudy,2024-02-27,17,117.343401
partly_cloudy,2024-02-27,18,0.0
partly_cloudy,2024-02-27,19,0.0
partly_cloudy,2024-02-27,20,0.0
partly_cloudy,2024-02-27,21,0.0
partly_cloudy,2024-02-27,22,0.0
partly_cloudy,2024-02-27,23,0.0
overcast,2024-03-18,0,0.0
overcast,2024-03-18,1,0.0
overcast,2024-03-18,2,0.0
overcast,2024-03-18,3,0.0
overcast,2024-03-18,4,0.0
overcast,2024-03-18,5,0.0
overcast,2024-03-18,6,15.748340999999998
overcast,2024-03-18,7,79.71560099999999
overcast,2024-03-18,8,139.942215
overcast,2024-03-18,9,335.99412
overcast,2024-03-18,10,577.199385
overcast,2024-03-18,11,790.703949
overcast,2024-03-18,12,768.879825
overcast,2024-03-18,13,796.215315
overcast,2024-03-18,14,683.05524
overcast,2024-03-18,15,510.100164
overcast,2024-03-18,16,268.26408
overcast,2024-03-18,17,63.967259999999996
overcast,2024-03-18,18,0.0
overcast,2024-03-18,19,0.0
overcast,2024-03-18,20,0.0
overcast,2024-03-18,21,0.0
overcast,2024-03-18,22,0.0
overcast,2024-03-18,23,0.0
