scenario,representative_date,hour,allsky,clrsky
clear,2023-09-13,0,0.0,0.0
clear,2023-09-13,1,0.0,0.0
clear,2023-09-13,2,0.0,0.0
clear,2023-09-13,3,0.0,0.0
clear,2023-09-13,4,0.0,0.0
clear,2023-09-13,5,0.0,0.0
clear,2023-09-13,6,79.03,85.55
clear,2023-09-13,7,299.25,322.88
clear,2023-09-13,8,533.05,561.85
clear,2023-09-13,9,719.78,762.4
clear,2023-09-13,10,840.92,903.92
clear,2023-09-13,11,913.28,973.7
clear,2023-09-13,12,918.92,965.78
clear,2023-09-13,13,853.53,881.45
clear,2023-09-13,14,706.6,715.58
clear,2023-09-13,15,455.35,458.27
clear,2023-09-13,16,209.73,210.7
clear,2023-09-13,17,27.05,27.1
clear,2023-09-13,18,0.0,0.0
clear,2023-09-13,19,0.0,0.0
clear,2023-09-13,20,0.0,0.0
clear,2023-09-13,21,0.0,0.0
clear,2023-09-13,22,0.0,0.0
clear,2023-09-13,23,0.0,0.0
partly_cloudy,2024-02-27,0,0.0,0.0
partly_cloudy,2024-02-27,1,0.0,0.0
partly_cloudy,2024-02-27,2,0.0,0.0
partly_cloudy,2024-02-27,3,0.0,0.0
partly_cloudy,2024-02-27,4,0.0,0.0
partly_cloudy,2024-02-27,5,0.0,0.0
partly_cloudy,2024-02-27,6,32.65,47.15
partly_cloudy,2024-02-27,7,178.55,264.77
partly_cloudy,2024-02-27,8,364.85,510.85
partly_cloudy,2024-02-27,9,615.67,729.2
partly_cloudy,2024-02-27,10,777.38,893.15
partly_cloudy,2024-02-27,11,845.0,986.33
partly_cloudy,2024-02-27,12,963.75,1006.83
partly_cloudy,2024-02-27,13,858.97,943.7
partly_cloudy,2024-02-27,14,689.55,806.75
partly_cloudy,2024-02-27,15,524.28,607.92
partly_cloudy,2024-02-27,16,300.4,367.2
partly_cloudy,2024-02-27,17,106.03,128.65
partly_cloudy,2024-02-27,18,0.0,0.0
partly_cloudy,2024-02-27,19,0.0,0.0
partly_cloudy,2024-02-27,20,0.0,0.0
partly_cloudy,2024-02-27,21,0.0,0.0
partly_cloudy,2024-02-27,22,0.0,0.0
partly_cloudy,2024-02-27,23,0.0,0.0
overcast,2024-03-18,0,0.0,0.0
overcast,2024-03-18,1,0.0,0.0
overcast,2024-03-18,2,0.0,0.0
overcast,2024-03-18,3,0.0,0.0
overcast,2024-03-18,4,0.0,0.0
overcast,2024-03-18,5,0.0,0.0
overcast,2024-03-18,6,14.23,50.0
overcast,2024-03-18,7,72.03,271.85
overcast,2024-03-18,8,126.45,515.12
overcast,2024-03-18,9,303.6,728.08
overcast,2024-03-18,10,521.55,884.8
overcast,2024-03-18,11,714.47,972.28
overcast,2024-03-18,12,694.75,980.1
overcast,2024-03-18,13,719.45,910.12
overcast,2024-03-18,14,617.2,770.38
overcast,2024-03-18,15,460.92,568.55
overcast,2024-03-18,16,242.4,326.8
overcast,2024-03-18,17,57.8,90.12
overcast,2024-03-18,18,0.0,0.0
overcast,2024-03-18,19,0.0,0.0
overcast,2024-03-18,20,0.0,0.0
overcast,2024-03-18,21,0.0,0.0
overcast,2024-03-18,22,0.0,0.0
overcast,2024-03-18,23,0.0,0.0
